2026-08-02 01:58:12,460 - INFO - Загрузка файла Тестовое_задание.xlsx
2026-08-02 01:58:12,460 - INFO - Чтение файла 'Тестовое_задание.xlsx', лист 'Заказы_сырье'
2026-08-02 01:58:12,532 - INFO - Прочитано 1200 строк
2026-08-02 01:58:12,532 - INFO - Прочитано 1200 строк
2026-08-02 01:58:12,533 - INFO - Начинаем валидацию 1200 строк
2026-08-02 01:58:12,537 - WARNING - Статус 'перенесен' не распознан
2026-08-02 01:58:12,537 - WARNING - Статус 'в работе' не распознан
2026-08-02 01:58:12,537 - WARNING - Статус 'новый' не распознан
2026-08-02 01:58:12,537 - WARNING - Статус 'в работе' не распознан
2026-08-02 01:58:12,538 - WARNING - Статус 'новый' не распознан
2026-08-02 01:58:12,538 - WARNING - Статус 'перенесен' не распознан
2026-08-02 01:58:12,538 - WARNING - Статус 'в работе' не распознан
2026-08-02 01:58:12,538 - WARNING - Статус 'новый' не распознан
2026-08-02 01:58:12,538 - WARNING - Строка 29 (ID=ORD-100028) исключена из-за 1 ошибок
2026-08-02 01:58:12,538 - WARNING - Статус 'в работе' не распознан
2026-08-02 01:58:12,538 - WARNING - Статус 'в работе' не распознан
2026-08-02 01:58:12,538 - WARNING - Статус 'новый' не распознан
2026-08-02 01:58:12,538 - WARNING - Статус 'перенесен' не распознан
2026-08-02 01:58:12,538 - WARNING - Статус 'перенесен' не распознан
2026-08-02 01:58:12,539 - WARNING - Статус 'перенесен' не распознан
2026-08-02 01:58:12,539 - WARNING - Статус 'новый' не распознан
2026-08-02 01:58:12,539 - WARNING - Статус 'в работе' не распознан
2026-08-02 01:58:12,539 - WARNING - Статус 'перенесен' не распознан
2026-08-02 01:58:12,539 - WARNING - Статус 'в работе' не распознан
2026-08-02 01:58:12,539 - WARNING - Статус 'в работе' не распознан
2026-08-02 01:58:12,539 - WARNING - Статус 'новый' не распознан
2026-08-02 01:58:12,539 - WARNING - Статус 'в работе' не распознан
2026-08-02 01:58:12,539 - WARNING - Статус 'новый' не распознан
2026-08-02 01:58:12,540 - INFO - Город 'анапа' исправлен на 'Анапа' (score=100)
2026-08-02 01:58:12,540 - WARNING - Статус 'в работе' не распознан
2026-08-02 01:58:12,540 - WARNING - Статус 'новый' не распознан
2026-08-02 01:58:12,540 - WARNING - Статус 'в работе' не распознан
2026-08-02 01:58:12,540 - WARNING - Статус 'перенесен' не распознан
2026-08-02 01:58:12,540 - WARNING - Статус 'в работе' не распознан
2026-08-02 01:58:12,540 - WARNING - Статус 'перенесен' не распознан
2026-08-02 01:58:12,540 - WARNING - Сумма 'не указано' не содержит цифр
2026-08-02 01:58:12,540 - WARNING - Статус 'перенесен' не распознан
2026-08-02 01:58:12,540 - WARNING - Статус 'новый' не распознан
2026-08-02 01:58:12,540 - WARNING - Статус 'перенесен' не распознан
2026-08-02 01:58:12,541 - WARNING - Строка 102 (ID=ORD-100101) исключена из-за 1 ошибок
2026-08-02 01:58:12,541 - WARNING - Статус 'новый' не распознан
2026-08-02 01:58:12,541 - WARNING - Статус 'новый' не распознан
2026-08-02 01:58:12,541 - WARNING - Статус 'перенесен' не распознан
2026-08-02 01:58:12,541 - WARNING - Статус 'новый' не распознан
2026-08-02 01:58:12,541 - WARNING - Статус 'в работе' не распознан
2026-08-02 01:58:12,541 - WARNING - Статус 'новый' не распознан
2026-08-02 01:58:12,541 - WARNING - Статус 'новый' не распознан
2026-08-02 01:58:12,541 - WARNING - Статус 'в работе' не распознан
2026-08-02 01:58:12,542 - WARNING - Статус 'в работе' не распознан
2026-08-02 01:58:12,542 - WARNING - Статус 'перенесен' не распознан
2026-08-02 01:58:12,542 - WARNING - Статус 'новый' не распознан
2026-08-02 01:58:12,542 - WARNING - Сумма 'abc' не содержит цифр
2026-08-02 01:58:12,542 - WARNING - Статус 'в работе' не распознан
2026-08-02 01:58:12,542 - WARNING - Статус 'перенесен' не распознан
2026-08-02 01:58:12,542 - WARNING - Строка 144 (ID=ORD-100143) исключена из-за 1 ошибок
2026-08-02 01:58:12,542 - WARNING - Статус 'новый' не распознан
2026-08-02 01:58:12,542 - WARNING - Статус 'в работе' не распознан
2026-08-02 01:58:12,543 - WARNING - Статус 'в работе' не распознан
2026-08-02 01:58:12,543 - WARNING - Статус 'перенесен' не распознан
2026-08-02 01:58:12,543 - WARNING - Статус 'в работе' не распознан
2026-08-02 01:58:12,543 - WARNING - Статус 'новый' не распознан
2026-08-02 01:58:12,543 - WARNING - Статус 'новый' не распознан
2026-08-02 01:58:12,543 - WARNING - Статус 'в работе' не распознан
2026-08-02 01:58:12,543 - WARNING - Статус 'новый' не распознан
2026-08-02 01:58:12,543 - WARNING - Статус 'новый' не распознан
2026-08-02 01:58:12,543 - WARNING - Статус 'перенесен' не распознан
2026-08-02 01:58:12,543 - WARNING - Статус 'новый' не распознан
2026-08-02 01:58:12,544 - WARNING - Сумма 'не указано' не содержит цифр
2026-08-02 01:58:12,544 - WARNING - Строка 194 (ID=ORD-100193) исключена из-за 1 ошибок
2026-08-02 01:58:12,544 - WARNING - Статус 'перенесен' не распознан
2026-08-02 01:58:12,544 - WARNING - Статус 'в работе' не распознан
2026-08-02 01:58:12,544 - WARNING - Статус 'новый' не распознан
2026-08-02 01:58:12,544 - WARNING - Статус 'перенесен' не распознан
2026-08-02 01:58:12,546 - WARNING - Статус 'в работе' не распознан
2026-08-02 01:58:12,546 - WARNING - Сумма 'три тысячи' не содержит цифр
2026-08-02 01:58:12,546 - WARNING - Сумма '' не содержит цифр
2026-08-02 01:58:12,546 - WARNING - Строка 209 (ID=ORD-100208) исключена из-за 1 ошибок
2026-08-02 01:58:12,546 - WARNING - Статус 'в работе' не распознан
2026-08-02 01:58:12,546 - WARNING - Статус 'перенесен' не распознан
2026-08-02 01:58:12,546 - WARNING - Статус 'в работе' не распознан
2026-08-02 01:58:12,546 - WARNING - Статус 'перенесен' не распознан
2026-08-02 01:58:12,546 - WARNING - Статус 'в работе' не распознан
2026-08-02 01:58:12,546 - WARNING - Статус 'в работе' не распознан
2026-08-02 01:58:12,546 - WARNING - Строка 226 (ID=ORD-100225) исключена из-за 1 ошибок
2026-08-02 01:58:12,546 - WARNING - Статус 'в работе' не распознан
2026-08-02 01:58:12,549 - WARNING - Не удалось распарсить дату: '32.05.2026'
2026-08-02 01:58:12,549 - WARNING - Строка 229 (ID=ORD-100228) исключена из-за 1 ошибок
2026-08-02 01:58:12,549 - WARNING - Статус 'новый' не распознан
2026-08-02 01:58:12,549 - WARNING - Статус 'новый' не распознан
2026-08-02 01:58:12,549 - WARNING - Статус 'завершено?' не распознан
2026-08-02 01:58:12,549 - WARNING - Сумма '' не содержит цифр
2026-08-02 01:58:12,549 - WARNING - Строка 237 (ID=ORD-100236) исключена из-за 1 ошибок
2026-08-02 01:58:12,549 - WARNING - Статус 'перенесен' не распознан
2026-08-02 01:58:12,549 - WARNING - Статус 'в работе' не распознан
2026-08-02 01:58:12,549 - WARNING - Статус 'новый' не распознан
2026-08-02 01:58:12,549 - WARNING - Статус 'новый' не распознан
2026-08-02 01:58:12,550 - WARNING - Статус 'в работе' не распознан
2026-08-02 01:58:12,550 - WARNING - Статус 'новый' не распознан
2026-08-02 01:58:12,550 - WARNING - Статус 'перенесен' не распознан
2026-08-02 01:58:12,550 - WARNING - Статус 'новый' не распознан
2026-08-02 01:58:12,550 - WARNING - Статус 'перенесен' не распознан
2026-08-02 01:58:12,550 - WARNING - Статус 'в работе' не распознан
2026-08-02 01:58:12,550 - WARNING - Статус 'в работе' не распознан
2026-08-02 01:58:12,550 - WARNING - Статус 'в работе' не распознан
2026-08-02 01:58:12,550 - WARNING - Статус 'в работе' не распознан
2026-08-02 01:58:12,551 - WARNING - Статус 'в работе' не распознан
2026-08-02 01:58:12,551 - WARNING - Статус 'перенесен' не распознан
2026-08-02 01:58:12,551 - WARNING - Статус 'в работе' не распознан
2026-08-02 01:58:12,551 - WARNING - Строка 292 (ID=ORD-100291) исключена из-за 1 ошибок
2026-08-02 01:58:12,551 - WARNING - Статус 'в работе' не распознан
2026-08-02 01:58:12,551 - WARNING - Строка 302: дубликат ID заказа 'ORD-100050'
2026-08-02 01:58:12,551 - WARNING - Строка 302 (ID=ORD-100050) исключена из-за 1 ошибок
2026-08-02 01:58:12,551 - WARNING - Статус 'в работе' не распознан
2026-08-02 01:58:12,552 - WARNING - Статус 'новый' не распознан
2026-08-02 01:58:12,552 - WARNING - Статус 'перенесен' не распознан
2026-08-02 01:58:12,552 - WARNING - Сумма 'три тысячи' не содержит цифр
2026-08-02 01:58:12,552 - WARNING - Статус 'перенесен' не распознан
2026-08-02 01:58:12,552 - WARNING - Статус 'новый' не распознан
2026-08-02 01:58:12,552 - WARNING - Статус 'перенесен' не распознан
2026-08-02 01:58:12,552 - WARNING - Статус 'перенесен' не распознан
2026-08-02 01:58:12,552 - WARNING - Статус 'новый' не распознан
2026-08-02 01:58:12,552 - WARNING - Статус 'в работе' не распознан
2026-08-02 01:58:12,552 - WARNING - Статус 'перенесен' не распознан
2026-08-02 01:58:12,553 - WARNING - Статус 'новый' не распознан
2026-08-02 01:58:12,553 - WARNING - Статус 'в работе' не распознан
2026-08-02 01:58:12,553 - WARNING - Статус 'новый' не распознан
2026-08-02 01:58:12,553 - WARNING - Статус 'в работе' не распознан
2026-08-02 01:58:12,553 - WARNING - Статус 'перенесен' не распознан
2026-08-02 01:58:12,553 - WARNING - Строка 350 (ID=ORD-100349) исключена из-за 1 ошибок
2026-08-02 01:58:12,553 - WARNING - Статус 'в работе' не распознан
2026-08-02 01:58:12,553 - WARNING - Статус 'перенесен' не распознан
2026-08-02 01:58:12,553 - WARNING - Статус 'в работе' не распознан
2026-08-02 01:58:12,554 - WARNING - Строка 363 (ID=ORD-100362) исключена из-за 1 ошибок
2026-08-02 01:58:12,554 - WARNING - Статус 'перенесен' не распознан
2026-08-02 01:58:12,554 - WARNING - Статус 'перенесен' не распознан
2026-08-02 01:58:12,554 - WARNING - Статус 'в работе' не распознан
2026-08-02 01:58:12,554 - WARNING - Статус 'в работе' не распознан
2026-08-02 01:58:12,554 - WARNING - Статус 'перенесен' не распознан
2026-08-02 01:58:12,554 - WARNING - Статус 'новый' не распознан
2026-08-02 01:58:12,555 - WARNING - Статус 'в работе' не распознан
2026-08-02 01:58:12,555 - WARNING - Статус 'новый' не распознан
2026-08-02 01:58:12,555 - WARNING - Статус 'в работе' не распознан
2026-08-02 01:58:12,555 - WARNING - Статус 'новый' не распознан
2026-08-02 01:58:12,555 - WARNING - Статус 'в работе' не распознан
2026-08-02 01:58:12,555 - WARNING - Статус 'перенесен' не распознан
2026-08-02 01:58:12,555 - WARNING - Строка 399 (ID=ORD-100398) исключена из-за 1 ошибок
2026-08-02 01:58:12,555 - WARNING - Статус 'перенесен' не распознан
2026-08-02 01:58:12,555 - WARNING - Статус 'в работе' не распознан
2026-08-02 01:58:12,555 - WARNING - Статус 'в работе' не распознан
2026-08-02 01:58:12,555 - WARNING - Статус 'новый' не распознан
2026-08-02 01:58:12,555 - WARNING - Статус 'в работе' не распознан
2026-08-02 01:58:12,555 - WARNING - Статус 'перенесен' не распознан
2026-08-02 01:58:12,555 - WARNING - Статус 'в работе' не распознан
2026-08-02 01:58:12,555 - WARNING - Статус 'новый' не распознан
2026-08-02 01:58:12,555 - WARNING - Статус 'завершено?' не распознан
2026-08-02 01:58:12,556 - WARNING - Статус 'новый' не распознан
2026-08-02 01:58:12,556 - WARNING - Статус 'новый' не распознан
2026-08-02 01:58:12,556 - WARNING - Статус 'в работе' не распознан
2026-08-02 01:58:12,556 - WARNING - Статус 'в работе' не распознан
2026-08-02 01:58:12,556 - WARNING - Статус 'новый' не распознан
2026-08-02 01:58:12,556 - WARNING - Статус 'новый' не распознан
2026-08-02 01:58:12,556 - WARNING - Статус 'новый' не распознан
2026-08-02 01:58:12,556 - WARNING - Статус 'в работе' не распознан
2026-08-02 01:58:12,556 - WARNING - Сумма 'abc' не содержит цифр
2026-08-02 01:58:12,556 - WARNING - Статус 'в работе' не распознан
2026-08-02 01:58:12,556 - WARNING - Статус 'в работе' не распознан
2026-08-02 01:58:12,557 - WARNING - Статус 'в работе' не распознан
2026-08-02 01:58:12,557 - WARNING - Статус 'в работе' не распознан
2026-08-02 01:58:12,557 - WARNING - Статус 'новый' не распознан
2026-08-02 01:58:12,557 - WARNING - Статус 'в работе' не распознан
2026-08-02 01:58:12,557 - WARNING - Не удалось распарсить дату: '32.05.2026'
2026-08-02 01:58:12,557 - WARNING - Строка 453 (ID=ORD-100452) исключена из-за 1 ошибок
2026-08-02 01:58:12,557 - WARNING - Статус 'новый' не распознан
2026-08-02 01:58:12,557 - WARNING - Статус 'в работе' не распознан
2026-08-02 01:58:12,557 - WARNING - Статус 'в работе' не распознан
2026-08-02 01:58:12,557 - WARNING - Статус 'перенесен' не распознан
2026-08-02 01:58:12,558 - WARNING - Статус 'новый' не распознан
2026-08-02 01:58:12,558 - WARNING - Статус 'в работе' не распознан
2026-08-02 01:58:12,558 - WARNING - Статус 'новый' не распознан
2026-08-02 01:58:12,558 - WARNING - Статус 'в работе' не распознан
2026-08-02 01:58:12,558 - WARNING - Статус 'в работе' не распознан
2026-08-02 01:58:12,558 - WARNING - Статус 'новый' не распознан
2026-08-02 01:58:12,558 - WARNING - Статус 'перенесен' не распознан
2026-08-02 01:58:12,558 - WARNING - Статус 'новый' не распознан
2026-08-02 01:58:12,558 - WARNING - Статус 'в работе' не распознан
2026-08-02 01:58:12,558 - WARNING - Статус 'перенесен' не распознан
2026-08-02 01:58:12,559 - WARNING - Статус 'перенесен' не распознан
2026-08-02 01:58:12,559 - WARNING - Статус 'в работе' не распознан
2026-08-02 01:58:12,559 - WARNING - Статус 'перенесен' не распознан
2026-08-02 01:58:12,559 - WARNING - Статус 'перенесен' не распознан
2026-08-02 01:58:12,559 - WARNING - Статус 'перенесен' не распознан
2026-08-02 01:58:12,559 - WARNING - Статус 'перенесен' не распознан
2026-08-02 01:58:12,559 - WARNING - Строка 508: дубликат ID заказа 'ORD-100074'
2026-08-02 01:58:12,559 - WARNING - Строка 508 (ID=ORD-100074) исключена из-за 1 ошибок
2026-08-02 01:58:12,559 - WARNING - Статус 'перенесен' не распознан
2026-08-02 01:58:12,560 - INFO - Город 'Новоросийск' исправлен на 'Новороссийск' (score=96)
2026-08-02 01:58:12,560 - WARNING - Статус 'перенесен' не распознан
2026-08-02 01:58:12,560 - WARNING - Статус 'перенесен' не распознан
2026-08-02 01:58:12,560 - INFO - Город 'Новоросийск' исправлен на 'Новороссийск' (score=96)
2026-08-02 01:58:12,560 - WARNING - Статус 'перенесен' не распознан
2026-08-02 01:58:12,560 - WARNING - Статус 'в работе' не распознан
2026-08-02 01:58:12,560 - WARNING - Статус 'новый' не распознан
2026-08-02 01:58:12,560 - WARNING - Статус 'в работе' не распознан
2026-08-02 01:58:12,561 - WARNING - Статус 'в работе' не распознан
2026-08-02 01:58:12,561 - WARNING - Статус 'перенесен' не распознан
2026-08-02 01:58:12,561 - WARNING - Статус 'перенесен' не распознан
2026-08-02 01:58:12,561 - WARNING - Статус 'в работе' не распознан
2026-08-02 01:58:12,561 - WARNING - Статус 'в работе' не распознан
2026-08-02 01:58:12,561 - WARNING - Статус 'в работе' не распознан
2026-08-02 01:58:12,561 - WARNING - Статус 'в работе' не распознан
2026-08-02 01:58:12,562 - WARNING - Не удалось распарсить дату: '32.05.2026'
2026-08-02 01:58:12,562 - WARNING - Статус 'в работе' не распознан
2026-08-02 01:58:12,562 - WARNING - Статус 'новый' не распознан
2026-08-02 01:58:12,562 - WARNING - Статус 'завершено?' не распознан
2026-08-02 01:58:12,563 - WARNING - Статус 'в работе' не распознан
2026-08-02 01:58:12,563 - WARNING - Статус 'в работе' не распознан
2026-08-02 01:58:12,563 - WARNING - Статус 'в работе' не распознан
2026-08-02 01:58:12,563 - WARNING - Статус 'в работе' не распознан
2026-08-02 01:58:12,563 - WARNING - Статус 'в работе' не распознан
2026-08-02 01:58:12,563 - WARNING - Статус 'в работе' не распознан
2026-08-02 01:58:12,563 - WARNING - Статус 'новый' не распознан
2026-08-02 01:58:12,563 - WARNING - Статус 'в работе' не распознан
2026-08-02 01:58:12,563 - WARNING - Статус 'в работе' не распознан
2026-08-02 01:58:12,563 - WARNING - Статус 'перенесен' не распознан
2026-08-02 01:58:12,563 - WARNING - Строка 597 (ID=ORD-100596) исключена из-за 1 ошибок
2026-08-02 01:58:12,564 - WARNING - Статус 'новый' не распознан
2026-08-02 01:58:12,564 - WARNING - Статус 'перенесен' не распознан
2026-08-02 01:58:12,564 - WARNING - Статус 'в работе' не распознан
2026-08-02 01:58:12,564 - WARNING - Статус 'новый' не распознан
2026-08-02 01:58:12,564 - WARNING - Статус 'в работе' не распознан
2026-08-02 01:58:12,564 - WARNING - Статус 'в работе' не распознан
2026-08-02 01:58:12,564 - WARNING - Статус 'перенесен' не распознан
2026-08-02 01:58:12,564 - INFO - Город 'Новоросийск' исправлен на 'Новороссийск' (score=96)
2026-08-02 01:58:12,564 - WARNING - Статус 'новый' не распознан
2026-08-02 01:58:12,564 - WARNING - Статус 'в работе' не распознан
2026-08-02 01:58:12,565 - WARNING - Статус 'в работе' не распознан
2026-08-02 01:58:12,565 - WARNING - Не удалось распарсить дату: '00.05.2026'
2026-08-02 01:58:12,565 - WARNING - Статус 'в работе' не распознан
2026-08-02 01:58:12,565 - WARNING - Статус 'завершено?' не распознан
2026-08-02 01:58:12,565 - WARNING - Статус 'в работе' не распознан
2026-08-02 01:58:12,565 - WARNING - Статус 'перенесен' не распознан
2026-08-02 01:58:12,565 - WARNING - Статус 'в работе' не распознан
2026-08-02 01:58:12,565 - WARNING - Статус 'новый' не распознан
2026-08-02 01:58:12,565 - WARNING - Статус 'в работе' не распознан
2026-08-02 01:58:12,565 - WARNING - Статус 'в работе' не распознан
2026-08-02 01:58:12,566 - WARNING - Статус 'в работе' не распознан
2026-08-02 01:58:12,566 - WARNING - Строка 647: дубликат ID заказа 'ORD-100028'
2026-08-02 01:58:12,566 - WARNING - Строка 647 (ID=ORD-100028) исключена из-за 1 ошибок
2026-08-02 01:58:12,566 - WARNING - Статус 'в работе' не распознан
2026-08-02 01:58:12,566 - WARNING - Статус 'перенесен' не распознан
2026-08-02 01:58:12,566 - WARNING - Статус 'перенесен' не распознан
2026-08-02 01:58:12,566 - WARNING - Статус 'перенесен' не распознан
2026-08-02 01:58:12,566 - WARNING - Статус 'в работе' не распознан
2026-08-02 01:58:12,566 - WARNING - Статус 'перенесен' не распознан
2026-08-02 01:58:12,566 - WARNING - Статус 'в работе' не распознан
2026-08-02 01:58:12,567 - WARNING - Статус 'в работе' не распознан
2026-08-02 01:58:12,567 - WARNING - Статус 'в работе' не распознан
2026-08-02 01:58:12,567 - WARNING - Статус 'новый' не распознан
2026-08-02 01:58:12,567 - WARNING - Статус 'перенесен' не распознан
2026-08-02 01:58:12,567 - WARNING - Статус 'перенесен' не распознан
2026-08-02 01:58:12,567 - WARNING - Статус 'готово' не распознан
2026-08-02 01:58:12,567 - WARNING - Статус 'в работе' не распознан
2026-08-02 01:58:12,568 - WARNING - Статус 'в работе' не распознан
2026-08-02 01:58:12,568 - WARNING - Статус 'в работе' не распознан
2026-08-02 01:58:12,568 - WARNING - Статус 'новый' не распознан
2026-08-02 01:58:12,568 - WARNING - Статус 'перенесен' не распознан
2026-08-02 01:58:12,568 - WARNING - Статус 'перенесен' не распознан
2026-08-02 01:58:12,568 - WARNING - Статус 'в работе' не распознан
2026-08-02 01:58:12,568 - WARNING - Статус 'новый' не распознан
2026-08-02 01:58:12,569 - WARNING - Не удалось распарсить дату: '30.02.2026'
2026-08-02 01:58:12,569 - WARNING - Строка 723 (ID=ORD-100722) исключена из-за 1 ошибок
2026-08-02 01:58:12,569 - WARNING - Статус 'новый' не распознан
2026-08-02 01:58:12,569 - WARNING - Не удалось распарсить дату: '31.04.2026'
2026-08-02 01:58:12,569 - WARNING - Строка 727 (ID=ORD-100726) исключена из-за 1 ошибок
2026-08-02 01:58:12,569 - WARNING - Статус 'перенесен' не распознан
2026-08-02 01:58:12,570 - WARNING - Статус 'перенесен' не распознан
2026-08-02 01:58:12,570 - WARNING - Статус 'перенесен' не распознан
2026-08-02 01:58:12,570 - WARNING - Статус 'новый' не распознан
2026-08-02 01:58:12,570 - WARNING - Статус 'в работе' не распознан
2026-08-02 01:58:12,570 - WARNING - Статус 'в работе' не распознан
2026-08-02 01:58:12,570 - WARNING - Статус 'новый' не распознан
2026-08-02 01:58:12,570 - WARNING - Статус 'перенесен' не распознан
2026-08-02 01:58:12,570 - WARNING - Статус 'перенесен' не распознан
2026-08-02 01:58:12,570 - WARNING - Статус 'новый' не распознан
2026-08-02 01:58:12,570 - WARNING - Статус 'в работе' не распознан
2026-08-02 01:58:12,571 - WARNING - Статус 'новый' не распознан
2026-08-02 01:58:12,571 - WARNING - Статус 'перенесен' не распознан
2026-08-02 01:58:12,571 - WARNING - Статус 'перенесен' не распознан
2026-08-02 01:58:12,571 - WARNING - Статус 'перенесен' не распознан
2026-08-02 01:58:12,571 - WARNING - Статус 'перенесен' не распознан
2026-08-02 01:58:12,571 - WARNING - Статус 'перенесен' не распознан
2026-08-02 01:58:12,572 - INFO - Город 'Ростов на Дону' исправлен на 'Ростов-на-Дону' (score=100)
2026-08-02 01:58:12,572 - WARNING - Статус 'новый' не распознан
2026-08-02 01:58:12,572 - WARNING - Статус 'новый' не распознан
2026-08-02 01:58:12,572 - WARNING - Статус 'в работе' не распознан
2026-08-02 01:58:12,572 - INFO - Город 'Новоросийск' исправлен на 'Новороссийск' (score=96)
2026-08-02 01:58:12,572 - WARNING - Статус 'перенесен' не распознан
2026-08-02 01:58:12,572 - WARNING - Статус 'в работе' не распознан
2026-08-02 01:58:12,572 - WARNING - Статус 'новый' не распознан
2026-08-02 01:58:12,573 - WARNING - Статус 'в работе' не распознан
2026-08-02 01:58:12,573 - WARNING - Статус 'в работе' не распознан
2026-08-02 01:58:12,573 - WARNING - Статус 'в работе' не распознан
2026-08-02 01:58:12,573 - WARNING - Статус 'в работе' не распознан
2026-08-02 01:58:12,573 - WARNING - Статус 'новый' не распознан
2026-08-02 01:58:12,573 - WARNING - Статус 'новый' не распознан
2026-08-02 01:58:12,573 - WARNING - Статус 'новый' не распознан
2026-08-02 01:58:12,573 - WARNING - Статус 'в работе' не распознан
2026-08-02 01:58:12,573 - WARNING - Статус 'новый' не распознан
2026-08-02 01:58:12,574 - WARNING - Статус 'в работе' не распознан
2026-08-02 01:58:12,574 - WARNING - Статус 'в работе' не распознан
2026-08-02 01:58:12,574 - WARNING - Статус 'новый' не распознан
2026-08-02 01:58:12,574 - WARNING - Статус 'перенесен' не распознан
2026-08-02 01:58:12,574 - WARNING - Строка 878 (ID=ORD-100877) исключена из-за 1 ошибок
2026-08-02 01:58:12,574 - WARNING - Статус 'в работе' не распознан
2026-08-02 01:58:12,575 - WARNING - Не удалось распарсить дату: '00.05.2026'
2026-08-02 01:58:12,575 - WARNING - Строка 889 (ID=ORD-100888) исключена из-за 1 ошибок
2026-08-02 01:58:12,575 - WARNING - Статус 'в работе' не распознан
2026-08-02 01:58:12,575 - WARNING - Статус 'новый' не распознан
2026-08-02 01:58:12,575 - WARNING - Статус 'в работе' не распознан
2026-08-02 01:58:12,575 - WARNING - Статус 'перенесен' не распознан
2026-08-02 01:58:12,575 - WARNING - Статус 'в работе' не распознан
2026-08-02 01:58:12,575 - WARNING - Статус 'перенесен' не распознан
2026-08-02 01:58:12,575 - WARNING - Статус 'новый' не распознан
2026-08-02 01:58:12,576 - WARNING - Статус 'в работе' не распознан
2026-08-02 01:58:12,576 - WARNING - Статус 'новый' не распознан
2026-08-02 01:58:12,576 - WARNING - Статус 'новый' не распознан
2026-08-02 01:58:12,576 - WARNING - Статус 'в работе' не распознан
2026-08-02 01:58:12,576 - WARNING - Статус 'в работе' не распознан
2026-08-02 01:58:12,576 - WARNING - Статус 'новый' не распознан
2026-08-02 01:58:12,576 - WARNING - Статус 'новый' не распознан
2026-08-02 01:58:12,577 - WARNING - Статус 'перенесен' не распознан
2026-08-02 01:58:12,577 - WARNING - Статус 'перенесен' не распознан
2026-08-02 01:58:12,577 - WARNING - Статус 'новый' не распознан
2026-08-02 01:58:12,577 - WARNING - Статус 'новый' не распознан
2026-08-02 01:58:12,577 - WARNING - Статус 'в работе' не распознан
2026-08-02 01:58:12,577 - WARNING - Статус 'перенесен' не распознан
2026-08-02 01:58:12,578 - WARNING - Статус 'в работе' не распознан
2026-08-02 01:58:12,578 - WARNING - Статус 'в работе' не распознан
2026-08-02 01:58:12,578 - WARNING - Статус 'перенесен' не распознан
2026-08-02 01:58:12,578 - WARNING - Статус 'в работе' не распознан
2026-08-02 01:58:12,578 - WARNING - Статус 'перенесен' не распознан
2026-08-02 01:58:12,578 - WARNING - Статус 'новый' не распознан
2026-08-02 01:58:12,578 - WARNING - Статус 'в работе' не распознан
2026-08-02 01:58:12,578 - WARNING - Статус 'в работе' не распознан
2026-08-02 01:58:12,578 - WARNING - Строка 969: дубликат ID заказа 'ORD-100759'
2026-08-02 01:58:12,578 - WARNING - Строка 969 (ID=ORD-100759) исключена из-за 1 ошибок
2026-08-02 01:58:12,578 - WARNING - Строка 973 (ID=ORD-100972) исключена из-за 1 ошибок
2026-08-02 01:58:12,578 - WARNING - Статус 'перенесен' не распознан
2026-08-02 01:58:12,579 - WARNING - Статус 'завершено?' не распознан
2026-08-02 01:58:12,579 - WARNING - Статус 'новый' не распознан
2026-08-02 01:58:12,579 - WARNING - Статус 'перенесен' не распознан
2026-08-02 01:58:12,579 - WARNING - Статус 'новый' не распознан
2026-08-02 01:58:12,579 - INFO - Город 'Ростов на Дону' исправлен на 'Ростов-на-Дону' (score=100)
2026-08-02 01:58:12,579 - WARNING - Статус 'в работе' не распознан
2026-08-02 01:58:12,579 - WARNING - Статус 'новый' не распознан
2026-08-02 01:58:12,579 - WARNING - Статус 'перенесен' не распознан
2026-08-02 01:58:12,579 - WARNING - Статус 'новый' не распознан
2026-08-02 01:58:12,580 - WARNING - Не удалось распарсить дату: '31.04.2026'
2026-08-02 01:58:12,580 - WARNING - Строка 1002 (ID=ORD-101001) исключена из-за 1 ошибок
2026-08-02 01:58:12,580 - WARNING - Статус 'завершено?' не распознан
2026-08-02 01:58:12,580 - WARNING - Не удалось распарсить дату: '31.04.2026'
2026-08-02 01:58:12,580 - WARNING - Строка 1012 (ID=ORD-101011) исключена из-за 1 ошибок
2026-08-02 01:58:12,581 - WARNING - Статус 'в работе' не распознан
2026-08-02 01:58:12,581 - WARNING - Статус 'в работе' не распознан
2026-08-02 01:58:12,581 - WARNING - Статус 'в работе' не распознан
2026-08-02 01:58:12,581 - WARNING - Статус 'перенесен' не распознан
2026-08-02 01:58:12,581 - WARNING - Статус 'новый' не распознан
2026-08-02 01:58:12,581 - WARNING - Статус 'перенесен' не распознан
2026-08-02 01:58:12,581 - WARNING - Статус 'в работе' не распознан
2026-08-02 01:58:12,581 - WARNING - Строка 1032 (ID=ORD-101031) исключена из-за 1 ошибок
2026-08-02 01:58:12,581 - WARNING - Статус 'в работе' не распознан
2026-08-02 01:58:12,581 - WARNING - Статус 'перенесен' не распознан
2026-08-02 01:58:12,581 - WARNING - Статус 'в работе' не распознан
2026-08-02 01:58:12,581 - WARNING - Статус 'перенесен' не распознан
2026-08-02 01:58:12,582 - WARNING - Статус 'в работе' не распознан
2026-08-02 01:58:12,582 - WARNING - Статус 'новый' не распознан
2026-08-02 01:58:12,582 - WARNING - Статус 'перенесен' не распознан
2026-08-02 01:58:12,582 - WARNING - Статус 'в работе' не распознан
2026-08-02 01:58:12,582 - WARNING - Статус 'перенесен' не распознан
2026-08-02 01:58:12,582 - WARNING - Статус 'перенесен' не распознан
2026-08-02 01:58:12,582 - WARNING - Статус 'перенесен' не распознан
2026-08-02 01:58:12,582 - WARNING - Строка 1065 (ID=ORD-101064) исключена из-за 1 ошибок
2026-08-02 01:58:12,582 - WARNING - Статус 'перенесен' не распознан
2026-08-02 01:58:12,582 - WARNING - Статус 'новый' не распознан
2026-08-02 01:58:12,583 - WARNING - Статус 'перенесен' не распознан
2026-08-02 01:58:12,583 - WARNING - Статус 'в работе' не распознан
2026-08-02 01:58:12,583 - WARNING - Статус 'в работе' не распознан
2026-08-02 01:58:12,583 - WARNING - Статус 'перенесен' не распознан
2026-08-02 01:58:12,583 - WARNING - Не удалось распарсить дату: '00.05.2026'
2026-08-02 01:58:12,584 - WARNING - Строка 1086 (ID=ORD-101085) исключена из-за 1 ошибок
2026-08-02 01:58:12,584 - WARNING - Строка 1091 (ID=ORD-101090) исключена из-за 1 ошибок
2026-08-02 01:58:12,584 - WARNING - Статус 'перенесен' не распознан
2026-08-02 01:58:12,584 - WARNING - Статус 'новый' не распознан
2026-08-02 01:58:12,584 - WARNING - Статус 'перенесен' не распознан
2026-08-02 01:58:12,584 - WARNING - Статус 'новый' не распознан
2026-08-02 01:58:12,584 - WARNING - Статус 'в работе' не распознан
2026-08-02 01:58:12,584 - WARNING - Статус 'в работе' не распознан
2026-08-02 01:58:12,585 - WARNING - Статус 'в работе' не распознан
2026-08-02 01:58:12,585 - WARNING - Статус 'в работе' не распознан
2026-08-02 01:58:12,585 - INFO - Город 'Краснадар' исправлен на 'Краснодар' (score=89)
2026-08-02 01:58:12,585 - WARNING - Статус 'в работе' не распознан
2026-08-02 01:58:12,585 - WARNING - Статус 'в работе' не распознан
2026-08-02 01:58:12,585 - WARNING - Статус 'новый' не распознан
2026-08-02 01:58:12,585 - WARNING - Статус 'в работе' не распознан
2026-08-02 01:58:12,586 - WARNING - Статус 'в работе' не распознан
2026-08-02 01:58:12,586 - WARNING - Статус 'новый' не распознан
2026-08-02 01:58:12,586 - WARNING - Статус 'в работе' не распознан
2026-08-02 01:58:12,586 - WARNING - Статус 'в работе' не распознан
2026-08-02 01:58:12,586 - WARNING - Статус 'перенесен' не распознан
2026-08-02 01:58:12,586 - WARNING - Статус 'перенесен' не распознан
2026-08-02 01:58:12,586 - WARNING - Статус 'в работе' не распознан
2026-08-02 01:58:12,586 - WARNING - Статус 'в работе' не распознан
2026-08-02 01:58:12,586 - WARNING - Статус 'новый' не распознан
2026-08-02 01:58:12,586 - WARNING - Статус 'перенесен' не распознан
2026-08-02 01:58:12,586 - WARNING - Статус 'новый' не распознан
2026-08-02 01:58:12,586 - WARNING - Статус 'перенесен' не распознан
2026-08-02 01:58:12,587 - WARNING - Статус 'новый' не распознан
2026-08-02 01:58:12,587 - WARNING - Статус 'в работе' не распознан
2026-08-02 01:58:12,587 - WARNING - Статус 'новый' не распознан
2026-08-02 01:58:12,587 - WARNING - Статус 'новый' не распознан
2026-08-02 01:58:12,587 - WARNING - Статус 'в работе' не распознан
2026-08-02 01:58:12,587 - WARNING - Статус 'перенесен' не распознан
2026-08-02 01:58:12,587 - INFO - Город 'анапа' исправлен на 'Анапа' (score=100)
2026-08-02 01:58:12,587 - WARNING - Статус 'в работе' не распознан
2026-08-02 01:58:12,588 - INFO - Валидация завершена: 812 валидных заказов, 29 ошибок
2026-08-02 01:58:12,588 - INFO - Валидация завершена. Успешных заказов: 812, ошибок: 29
2026-08-02 01:58:12,600 - INFO - Отчёт сохранён в report.xlsx
2026-08-02 02:02:32,297 - INFO - Загрузка файла Тестовое_задание.xlsx
2026-08-02 02:02:32,297 - INFO - Чтение файла 'Тестовое_задание.xlsx', лист 'Заказы_сырье'
2026-08-02 02:02:32,372 - INFO - Прочитано 1200 строк
2026-08-02 02:02:32,372 - INFO - Прочитано 1200 строк
2026-08-02 02:02:32,372 - INFO - Начинаем валидацию 1200 строк
2026-08-02 02:02:32,377 - WARNING - Статус 'перенесен' не распознан
2026-08-02 02:02:32,377 - WARNING - Статус 'в работе' не распознан
2026-08-02 02:02:32,377 - WARNING - Статус 'новый' не распознан
2026-08-02 02:02:32,377 - WARNING - Статус 'в работе' не распознан
2026-08-02 02:02:32,377 - WARNING - Статус 'новый' не распознан
2026-08-02 02:02:32,378 - WARNING - Статус 'перенесен' не распознан
2026-08-02 02:02:32,378 - WARNING - Статус 'в работе' не распознан
2026-08-02 02:02:32,378 - WARNING - Статус 'новый' не распознан
2026-08-02 02:02:32,378 - WARNING - Строка 29 (ID=ORD-100028) исключена из-за 1 ошибок
2026-08-02 02:02:32,378 - WARNING - Статус 'в работе' не распознан
2026-08-02 02:02:32,378 - WARNING - Статус 'в работе' не распознан
2026-08-02 02:02:32,378 - WARNING - Статус 'новый' не распознан
2026-08-02 02:02:32,378 - WARNING - Статус 'перенесен' не распознан
2026-08-02 02:02:32,379 - WARNING - Статус 'перенесен' не распознан
2026-08-02 02:02:32,379 - WARNING - Статус 'перенесен' не распознан
2026-08-02 02:02:32,379 - WARNING - Статус 'новый' не распознан
2026-08-02 02:02:32,379 - WARNING - Статус 'в работе' не распознан
2026-08-02 02:02:32,379 - WARNING - Статус 'перенесен' не распознан
2026-08-02 02:02:32,379 - WARNING - Статус 'в работе' не распознан
2026-08-02 02:02:32,379 - WARNING - Статус 'в работе' не распознан
2026-08-02 02:02:32,379 - WARNING - Статус 'новый' не распознан
2026-08-02 02:02:32,379 - WARNING - Статус 'в работе' не распознан
2026-08-02 02:02:32,379 - WARNING - Статус 'новый' не распознан
2026-08-02 02:02:32,380 - INFO - Город 'анапа' исправлен на 'Анапа' (score=100)
2026-08-02 02:02:32,380 - WARNING - Статус 'в работе' не распознан
2026-08-02 02:02:32,380 - WARNING - Статус 'новый' не распознан
2026-08-02 02:02:32,380 - WARNING - Статус 'в работе' не распознан
2026-08-02 02:02:32,380 - WARNING - Статус 'перенесен' не распознан
2026-08-02 02:02:32,380 - WARNING - Статус 'в работе' не распознан
2026-08-02 02:02:32,380 - WARNING - Статус 'перенесен' не распознан
2026-08-02 02:02:32,380 - WARNING - Сумма 'не указано' не содержит цифр
2026-08-02 02:02:32,380 - WARNING - Статус 'перенесен' не распознан
2026-08-02 02:02:32,381 - WARNING - Статус 'новый' не распознан
2026-08-02 02:02:32,381 - WARNING - Статус 'перенесен' не распознан
2026-08-02 02:02:32,381 - WARNING - Строка 102 (ID=ORD-100101) исключена из-за 1 ошибок
2026-08-02 02:02:32,381 - WARNING - Статус 'новый' не распознан
2026-08-02 02:02:32,381 - WARNING - Статус 'новый' не распознан
2026-08-02 02:02:32,381 - WARNING - Статус 'перенесен' не распознан
2026-08-02 02:02:32,381 - WARNING - Статус 'новый' не распознан
2026-08-02 02:02:32,381 - WARNING - Статус 'в работе' не распознан
2026-08-02 02:02:32,381 - WARNING - Статус 'новый' не распознан
2026-08-02 02:02:32,382 - WARNING - Статус 'новый' не распознан
2026-08-02 02:02:32,382 - WARNING - Статус 'в работе' не распознан
2026-08-02 02:02:32,382 - WARNING - Статус 'в работе' не распознан
2026-08-02 02:02:32,382 - WARNING - Статус 'перенесен' не распознан
2026-08-02 02:02:32,382 - WARNING - Статус 'новый' не распознан
2026-08-02 02:02:32,382 - WARNING - Сумма 'abc' не содержит цифр
2026-08-02 02:02:32,382 - WARNING - Статус 'в работе' не распознан
2026-08-02 02:02:32,382 - WARNING - Статус 'перенесен' не распознан
2026-08-02 02:02:32,382 - WARNING - Строка 144 (ID=ORD-100143) исключена из-за 1 ошибок
2026-08-02 02:02:32,382 - WARNING - Статус 'новый' не распознан
2026-08-02 02:02:32,383 - WARNING - Статус 'в работе' не распознан
2026-08-02 02:02:32,383 - WARNING - Статус 'в работе' не распознан
2026-08-02 02:02:32,383 - WARNING - Статус 'перенесен' не распознан
2026-08-02 02:02:32,383 - WARNING - Статус 'в работе' не распознан
2026-08-02 02:02:32,383 - WARNING - Статус 'новый' не распознан
2026-08-02 02:02:32,383 - WARNING - Статус 'новый' не распознан
2026-08-02 02:02:32,383 - WARNING - Статус 'в работе' не распознан
2026-08-02 02:02:32,383 - WARNING - Статус 'новый' не распознан
2026-08-02 02:02:32,384 - WARNING - Статус 'новый' не распознан
2026-08-02 02:02:32,384 - WARNING - Статус 'перенесен' не распознан
2026-08-02 02:02:32,384 - WARNING - Статус 'новый' не распознан
2026-08-02 02:02:32,384 - WARNING - Сумма 'не указано' не содержит цифр
2026-08-02 02:02:32,384 - WARNING - Строка 194 (ID=ORD-100193) исключена из-за 1 ошибок
2026-08-02 02:02:32,384 - WARNING - Статус 'перенесен' не распознан
2026-08-02 02:02:32,384 - WARNING - Статус 'в работе' не распознан
2026-08-02 02:02:32,384 - WARNING - Статус 'новый' не распознан
2026-08-02 02:02:32,384 - WARNING - Статус 'перенесен' не распознан
2026-08-02 02:02:32,386 - WARNING - Статус 'в работе' не распознан
2026-08-02 02:02:32,386 - WARNING - Сумма 'три тысячи' не содержит цифр
2026-08-02 02:02:32,386 - WARNING - Сумма '' не содержит цифр
2026-08-02 02:02:32,386 - WARNING - Строка 209 (ID=ORD-100208) исключена из-за 1 ошибок
2026-08-02 02:02:32,386 - WARNING - Статус 'в работе' не распознан
2026-08-02 02:02:32,386 - WARNING - Статус 'перенесен' не распознан
2026-08-02 02:02:32,386 - WARNING - Статус 'в работе' не распознан
2026-08-02 02:02:32,386 - WARNING - Статус 'перенесен' не распознан
2026-08-02 02:02:32,386 - WARNING - Статус 'в работе' не распознан
2026-08-02 02:02:32,386 - WARNING - Статус 'в работе' не распознан
2026-08-02 02:02:32,387 - WARNING - Строка 226 (ID=ORD-100225) исключена из-за 1 ошибок
2026-08-02 02:02:32,387 - WARNING - Статус 'в работе' не распознан
2026-08-02 02:02:32,389 - WARNING - Не удалось распарсить дату: '32.05.2026'
2026-08-02 02:02:32,389 - WARNING - Строка 229 (ID=ORD-100228) исключена из-за 1 ошибок
2026-08-02 02:02:32,389 - WARNING - Статус 'новый' не распознан
2026-08-02 02:02:32,389 - WARNING - Статус 'новый' не распознан
2026-08-02 02:02:32,389 - WARNING - Статус 'завершено?' не распознан
2026-08-02 02:02:32,389 - WARNING - Сумма '' не содержит цифр
2026-08-02 02:02:32,389 - WARNING - Строка 237 (ID=ORD-100236) исключена из-за 1 ошибок
2026-08-02 02:02:32,389 - WARNING - Статус 'перенесен' не распознан
2026-08-02 02:02:32,389 - WARNING - Статус 'в работе' не распознан
2026-08-02 02:02:32,389 - WARNING - Статус 'новый' не распознан
2026-08-02 02:02:32,390 - WARNING - Статус 'новый' не распознан
2026-08-02 02:02:32,390 - WARNING - Статус 'в работе' не распознан
2026-08-02 02:02:32,390 - WARNING - Статус 'новый' не распознан
2026-08-02 02:02:32,390 - WARNING - Статус 'перенесен' не распознан
2026-08-02 02:02:32,390 - WARNING - Статус 'новый' не распознан
2026-08-02 02:02:32,390 - WARNING - Статус 'перенесен' не распознан
2026-08-02 02:02:32,390 - WARNING - Статус 'в работе' не распознан
2026-08-02 02:02:32,391 - WARNING - Статус 'в работе' не распознан
2026-08-02 02:02:32,391 - WARNING - Статус 'в работе' не распознан
2026-08-02 02:02:32,391 - WARNING - Статус 'в работе' не распознан
2026-08-02 02:02:32,391 - WARNING - Статус 'в работе' не распознан
2026-08-02 02:02:32,391 - WARNING - Статус 'перенесен' не распознан
2026-08-02 02:02:32,391 - WARNING - Статус 'в работе' не распознан
2026-08-02 02:02:32,391 - WARNING - Строка 292 (ID=ORD-100291) исключена из-за 1 ошибок
2026-08-02 02:02:32,391 - WARNING - Статус 'в работе' не распознан
2026-08-02 02:02:32,392 - WARNING - Строка 302: дубликат ID заказа 'ORD-100050'
2026-08-02 02:02:32,392 - WARNING - Строка 302 (ID=ORD-100050) исключена из-за 1 ошибок
2026-08-02 02:02:32,392 - WARNING - Статус 'в работе' не распознан
2026-08-02 02:02:32,392 - WARNING - Статус 'новый' не распознан
2026-08-02 02:02:32,392 - WARNING - Статус 'перенесен' не распознан
2026-08-02 02:02:32,392 - WARNING - Сумма 'три тысячи' не содержит цифр
2026-08-02 02:02:32,392 - WARNING - Статус 'перенесен' не распознан
2026-08-02 02:02:32,392 - WARNING - Статус 'новый' не распознан
2026-08-02 02:02:32,392 - WARNING - Статус 'перенесен' не распознан
2026-08-02 02:02:32,392 - WARNING - Статус 'перенесен' не распознан
2026-08-02 02:02:32,392 - WARNING - Статус 'новый' не распознан
2026-08-02 02:02:32,393 - WARNING - Статус 'в работе' не распознан
2026-08-02 02:02:32,393 - WARNING - Статус 'перенесен' не распознан
2026-08-02 02:02:32,393 - WARNING - Статус 'новый' не распознан
2026-08-02 02:02:32,393 - WARNING - Статус 'в работе' не распознан
2026-08-02 02:02:32,393 - WARNING - Статус 'новый' не распознан
2026-08-02 02:02:32,393 - WARNING - Статус 'в работе' не распознан
2026-08-02 02:02:32,393 - WARNING - Статус 'перенесен' не распознан
2026-08-02 02:02:32,393 - WARNING - Строка 350 (ID=ORD-100349) исключена из-за 1 ошибок
2026-08-02 02:02:32,394 - WARNING - Статус 'в работе' не распознан
2026-08-02 02:02:32,394 - WARNING - Статус 'перенесен' не распознан
2026-08-02 02:02:32,394 - WARNING - Статус 'в работе' не распознан
2026-08-02 02:02:32,394 - WARNING - Строка 363 (ID=ORD-100362) исключена из-за 1 ошибок
2026-08-02 02:02:32,394 - WARNING - Статус 'перенесен' не распознан
2026-08-02 02:02:32,394 - WARNING - Статус 'перенесен' не распознан
2026-08-02 02:02:32,394 - WARNING - Статус 'в работе' не распознан
2026-08-02 02:02:32,394 - WARNING - Статус 'в работе' не распознан
2026-08-02 02:02:32,395 - WARNING - Статус 'перенесен' не распознан
2026-08-02 02:02:32,395 - WARNING - Статус 'новый' не распознан
2026-08-02 02:02:32,395 - WARNING - Статус 'в работе' не распознан
2026-08-02 02:02:32,395 - WARNING - Статус 'новый' не распознан
2026-08-02 02:02:32,395 - WARNING - Статус 'в работе' не распознан
2026-08-02 02:02:32,395 - WARNING - Статус 'новый' не распознан
2026-08-02 02:02:32,395 - WARNING - Статус 'в работе' не распознан
2026-08-02 02:02:32,395 - WARNING - Статус 'перенесен' не распознан
2026-08-02 02:02:32,395 - WARNING - Строка 399 (ID=ORD-100398) исключена из-за 1 ошибок
2026-08-02 02:02:32,395 - WARNING - Статус 'перенесен' не распознан
2026-08-02 02:02:32,395 - WARNING - Статус 'в работе' не распознан
2026-08-02 02:02:32,395 - WARNING - Статус 'в работе' не распознан
2026-08-02 02:02:32,395 - WARNING - Статус 'новый' не распознан
2026-08-02 02:02:32,396 - WARNING - Статус 'в работе' не распознан
2026-08-02 02:02:32,396 - WARNING - Статус 'перенесен' не распознан
2026-08-02 02:02:32,396 - WARNING - Статус 'в работе' не распознан
2026-08-02 02:02:32,396 - WARNING - Статус 'новый' не распознан
2026-08-02 02:02:32,396 - WARNING - Статус 'завершено?' не распознан
2026-08-02 02:02:32,396 - WARNING - Статус 'новый' не распознан
2026-08-02 02:02:32,396 - WARNING - Статус 'новый' не распознан
2026-08-02 02:02:32,396 - WARNING - Статус 'в работе' не распознан
2026-08-02 02:02:32,396 - WARNING - Статус 'в работе' не распознан
2026-08-02 02:02:32,396 - WARNING - Статус 'новый' не распознан
2026-08-02 02:02:32,396 - WARNING - Статус 'новый' не распознан
2026-08-02 02:02:32,397 - WARNING - Статус 'новый' не распознан
2026-08-02 02:02:32,397 - WARNING - Статус 'в работе' не распознан
2026-08-02 02:02:32,397 - WARNING - Сумма 'abc' не содержит цифр
2026-08-02 02:02:32,397 - WARNING - Статус 'в работе' не распознан
2026-08-02 02:02:32,397 - WARNING - Статус 'в работе' не распознан
2026-08-02 02:02:32,397 - WARNING - Статус 'в работе' не распознан
2026-08-02 02:02:32,397 - WARNING - Статус 'в работе' не распознан
2026-08-02 02:02:32,397 - WARNING - Статус 'новый' не распознан
2026-08-02 02:02:32,397 - WARNING - Статус 'в работе' не распознан
2026-08-02 02:02:32,397 - WARNING - Не удалось распарсить дату: '32.05.2026'
2026-08-02 02:02:32,397 - WARNING - Строка 453 (ID=ORD-100452) исключена из-за 1 ошибок
2026-08-02 02:02:32,398 - WARNING - Статус 'новый' не распознан
2026-08-02 02:02:32,398 - WARNING - Статус 'в работе' не распознан
2026-08-02 02:02:32,398 - WARNING - Статус 'в работе' не распознан
2026-08-02 02:02:32,398 - WARNING - Статус 'перенесен' не распознан
2026-08-02 02:02:32,398 - WARNING - Статус 'новый' не распознан
2026-08-02 02:02:32,398 - WARNING - Статус 'в работе' не распознан
2026-08-02 02:02:32,398 - WARNING - Статус 'новый' не распознан
2026-08-02 02:02:32,398 - WARNING - Статус 'в работе' не распознан
2026-08-02 02:02:32,399 - WARNING - Статус 'в работе' не распознан
2026-08-02 02:02:32,399 - WARNING - Статус 'новый' не распознан
2026-08-02 02:02:32,399 - WARNING - Статус 'перенесен' не распознан
2026-08-02 02:02:32,399 - WARNING - Статус 'новый' не распознан
2026-08-02 02:02:32,399 - WARNING - Статус 'в работе' не распознан
2026-08-02 02:02:32,399 - WARNING - Статус 'перенесен' не распознан
2026-08-02 02:02:32,399 - WARNING - Статус 'перенесен' не распознан
2026-08-02 02:02:32,399 - WARNING - Статус 'в работе' не распознан
2026-08-02 02:02:32,399 - WARNING - Статус 'перенесен' не распознан
2026-08-02 02:02:32,400 - WARNING - Статус 'перенесен' не распознан
2026-08-02 02:02:32,400 - WARNING - Статус 'перенесен' не распознан
2026-08-02 02:02:32,400 - WARNING - Статус 'перенесен' не распознан
2026-08-02 02:02:32,400 - WARNING - Строка 508: дубликат ID заказа 'ORD-100074'
2026-08-02 02:02:32,400 - WARNING - Строка 508 (ID=ORD-100074) исключена из-за 1 ошибок
2026-08-02 02:02:32,400 - WARNING - Статус 'перенесен' не распознан
2026-08-02 02:02:32,400 - INFO - Город 'Новоросийск' исправлен на 'Новороссийск' (score=96)
2026-08-02 02:02:32,400 - WARNING - Статус 'перенесен' не распознан
2026-08-02 02:02:32,400 - WARNING - Статус 'перенесен' не распознан
2026-08-02 02:02:32,400 - INFO - Город 'Новоросийск' исправлен на 'Новороссийск' (score=96)
2026-08-02 02:02:32,401 - WARNING - Статус 'перенесен' не распознан
2026-08-02 02:02:32,401 - WARNING - Статус 'в работе' не распознан
2026-08-02 02:02:32,401 - WARNING - Статус 'новый' не распознан
2026-08-02 02:02:32,401 - WARNING - Статус 'в работе' не распознан
2026-08-02 02:02:32,401 - WARNING - Статус 'в работе' не распознан
2026-08-02 02:02:32,401 - WARNING - Статус 'перенесен' не распознан
2026-08-02 02:02:32,401 - WARNING - Статус 'перенесен' не распознан
2026-08-02 02:02:32,401 - WARNING - Статус 'в работе' не распознан
2026-08-02 02:02:32,401 - WARNING - Статус 'в работе' не распознан
2026-08-02 02:02:32,401 - WARNING - Статус 'в работе' не распознан
2026-08-02 02:02:32,402 - WARNING - Статус 'в работе' не распознан
2026-08-02 02:02:32,402 - WARNING - Не удалось распарсить дату: '32.05.2026'
2026-08-02 02:02:32,402 - WARNING - Статус 'в работе' не распознан
2026-08-02 02:02:32,402 - WARNING - Статус 'новый' не распознан
2026-08-02 02:02:32,402 - WARNING - Статус 'завершено?' не распознан
2026-08-02 02:02:32,403 - WARNING - Статус 'в работе' не распознан
2026-08-02 02:02:32,403 - WARNING - Статус 'в работе' не распознан
2026-08-02 02:02:32,403 - WARNING - Статус 'в работе' не распознан
2026-08-02 02:02:32,403 - WARNING - Статус 'в работе' не распознан
2026-08-02 02:02:32,403 - WARNING - Статус 'в работе' не распознан
2026-08-02 02:02:32,403 - WARNING - Статус 'в работе' не распознан
2026-08-02 02:02:32,403 - WARNING - Статус 'новый' не распознан
2026-08-02 02:02:32,403 - WARNING - Статус 'в работе' не распознан
2026-08-02 02:02:32,403 - WARNING - Статус 'в работе' не распознан
2026-08-02 02:02:32,403 - WARNING - Статус 'перенесен' не распознан
2026-08-02 02:02:32,403 - WARNING - Строка 597 (ID=ORD-100596) исключена из-за 1 ошибок
2026-08-02 02:02:32,404 - WARNING - Статус 'новый' не распознан
2026-08-02 02:02:32,404 - WARNING - Статус 'перенесен' не распознан
2026-08-02 02:02:32,404 - WARNING - Статус 'в работе' не распознан
2026-08-02 02:02:32,404 - WARNING - Статус 'новый' не распознан
2026-08-02 02:02:32,404 - WARNING - Статус 'в работе' не распознан
2026-08-02 02:02:32,404 - WARNING - Статус 'в работе' не распознан
2026-08-02 02:02:32,404 - WARNING - Статус 'перенесен' не распознан
2026-08-02 02:02:32,404 - INFO - Город 'Новоросийск' исправлен на 'Новороссийск' (score=96)
2026-08-02 02:02:32,404 - WARNING - Статус 'новый' не распознан
2026-08-02 02:02:32,404 - WARNING - Статус 'в работе' не распознан
2026-08-02 02:02:32,404 - WARNING - Статус 'в работе' не распознан
2026-08-02 02:02:32,405 - WARNING - Не удалось распарсить дату: '00.05.2026'
2026-08-02 02:02:32,405 - WARNING - Статус 'в работе' не распознан
2026-08-02 02:02:32,405 - WARNING - Статус 'завершено?' не распознан
2026-08-02 02:02:32,405 - WARNING - Статус 'в работе' не распознан
2026-08-02 02:02:32,405 - WARNING - Статус 'перенесен' не распознан
2026-08-02 02:02:32,405 - WARNING - Статус 'в работе' не распознан
2026-08-02 02:02:32,405 - WARNING - Статус 'новый' не распознан
2026-08-02 02:02:32,405 - WARNING - Статус 'в работе' не распознан
2026-08-02 02:02:32,405 - WARNING - Статус 'в работе' не распознан
2026-08-02 02:02:32,406 - WARNING - Статус 'в работе' не распознан
2026-08-02 02:02:32,406 - WARNING - Строка 647: дубликат ID заказа 'ORD-100028'
2026-08-02 02:02:32,406 - WARNING - Строка 647 (ID=ORD-100028) исключена из-за 1 ошибок
2026-08-02 02:02:32,406 - WARNING - Статус 'в работе' не распознан
2026-08-02 02:02:32,406 - WARNING - Статус 'перенесен' не распознан
2026-08-02 02:02:32,406 - WARNING - Статус 'перенесен' не распознан
2026-08-02 02:02:32,406 - WARNING - Статус 'перенесен' не распознан
2026-08-02 02:02:32,406 - WARNING - Статус 'в работе' не распознан
2026-08-02 02:02:32,406 - WARNING - Статус 'перенесен' не распознан
2026-08-02 02:02:32,406 - WARNING - Статус 'в работе' не распознан
2026-08-02 02:02:32,407 - WARNING - Статус 'в работе' не распознан
2026-08-02 02:02:32,407 - WARNING - Статус 'в работе' не распознан
2026-08-02 02:02:32,407 - WARNING - Статус 'новый' не распознан
2026-08-02 02:02:32,407 - WARNING - Статус 'перенесен' не распознан
2026-08-02 02:02:32,407 - WARNING - Статус 'перенесен' не распознан
2026-08-02 02:02:32,407 - WARNING - Статус 'готово' не распознан
2026-08-02 02:02:32,407 - WARNING - Статус 'в работе' не распознан
2026-08-02 02:02:32,408 - WARNING - Статус 'в работе' не распознан
2026-08-02 02:02:32,408 - WARNING - Статус 'в работе' не распознан
2026-08-02 02:02:32,408 - WARNING - Статус 'новый' не распознан
2026-08-02 02:02:32,408 - WARNING - Статус 'перенесен' не распознан
2026-08-02 02:02:32,408 - WARNING - Статус 'перенесен' не распознан
2026-08-02 02:02:32,408 - WARNING - Статус 'в работе' не распознан
2026-08-02 02:02:32,408 - WARNING - Статус 'новый' не распознан
2026-08-02 02:02:32,409 - WARNING - Не удалось распарсить дату: '30.02.2026'
2026-08-02 02:02:32,409 - WARNING - Строка 723 (ID=ORD-100722) исключена из-за 1 ошибок
2026-08-02 02:02:32,409 - WARNING - Статус 'новый' не распознан
2026-08-02 02:02:32,409 - WARNING - Не удалось распарсить дату: '31.04.2026'
2026-08-02 02:02:32,409 - WARNING - Строка 727 (ID=ORD-100726) исключена из-за 1 ошибок
2026-08-02 02:02:32,409 - WARNING - Статус 'перенесен' не распознан
2026-08-02 02:02:32,410 - WARNING - Статус 'перенесен' не распознан
2026-08-02 02:02:32,410 - WARNING - Статус 'перенесен' не распознан
2026-08-02 02:02:32,410 - WARNING - Статус 'новый' не распознан
2026-08-02 02:02:32,410 - WARNING - Статус 'в работе' не распознан
2026-08-02 02:02:32,410 - WARNING - Статус 'в работе' не распознан
2026-08-02 02:02:32,410 - WARNING - Статус 'новый' не распознан
2026-08-02 02:02:32,410 - WARNING - Статус 'перенесен' не распознан
2026-08-02 02:02:32,411 - WARNING - Статус 'перенесен' не распознан
2026-08-02 02:02:32,411 - WARNING - Статус 'новый' не распознан
2026-08-02 02:02:32,411 - WARNING - Статус 'в работе' не распознан
2026-08-02 02:02:32,411 - WARNING - Статус 'новый' не распознан
2026-08-02 02:02:32,411 - WARNING - Статус 'перенесен' не распознан
2026-08-02 02:02:32,411 - WARNING - Статус 'перенесен' не распознан
2026-08-02 02:02:32,412 - WARNING - Статус 'перенесен' не распознан
2026-08-02 02:02:32,412 - WARNING - Статус 'перенесен' не распознан
2026-08-02 02:02:32,412 - WARNING - Статус 'перенесен' не распознан
2026-08-02 02:02:32,412 - INFO - Город 'Ростов на Дону' исправлен на 'Ростов-на-Дону' (score=100)
2026-08-02 02:02:32,412 - WARNING - Статус 'новый' не распознан
2026-08-02 02:02:32,412 - WARNING - Статус 'новый' не распознан
2026-08-02 02:02:32,412 - WARNING - Статус 'в работе' не распознан
2026-08-02 02:02:32,412 - INFO - Город 'Новоросийск' исправлен на 'Новороссийск' (score=96)
2026-08-02 02:02:32,412 - WARNING - Статус 'перенесен' не распознан
2026-08-02 02:02:32,413 - WARNING - Статус 'в работе' не распознан
2026-08-02 02:02:32,413 - WARNING - Статус 'новый' не распознан
2026-08-02 02:02:32,413 - WARNING - Статус 'в работе' не распознан
2026-08-02 02:02:32,413 - WARNING - Статус 'в работе' не распознан
2026-08-02 02:02:32,413 - WARNING - Статус 'в работе' не распознан
2026-08-02 02:02:32,413 - WARNING - Статус 'в работе' не распознан
2026-08-02 02:02:32,414 - WARNING - Статус 'новый' не распознан
2026-08-02 02:02:32,414 - WARNING - Статус 'новый' не распознан
2026-08-02 02:02:32,414 - WARNING - Статус 'новый' не распознан
2026-08-02 02:02:32,414 - WARNING - Статус 'в работе' не распознан
2026-08-02 02:02:32,414 - WARNING - Статус 'новый' не распознан
2026-08-02 02:02:32,414 - WARNING - Статус 'в работе' не распознан
2026-08-02 02:02:32,414 - WARNING - Статус 'в работе' не распознан
2026-08-02 02:02:32,415 - WARNING - Статус 'новый' не распознан
2026-08-02 02:02:32,415 - WARNING - Статус 'перенесен' не распознан
2026-08-02 02:02:32,415 - WARNING - Строка 878 (ID=ORD-100877) исключена из-за 1 ошибок
2026-08-02 02:02:32,415 - WARNING - Статус 'в работе' не распознан
2026-08-02 02:02:32,416 - WARNING - Не удалось распарсить дату: '00.05.2026'
2026-08-02 02:02:32,416 - WARNING - Строка 889 (ID=ORD-100888) исключена из-за 1 ошибок
2026-08-02 02:02:32,416 - WARNING - Статус 'в работе' не распознан
2026-08-02 02:02:32,416 - WARNING - Статус 'новый' не распознан
2026-08-02 02:02:32,416 - WARNING - Статус 'в работе' не распознан
2026-08-02 02:02:32,416 - WARNING - Статус 'перенесен' не распознан
2026-08-02 02:02:32,416 - WARNING - Статус 'в работе' не распознан
2026-08-02 02:02:32,416 - WARNING - Статус 'перенесен' не распознан
2026-08-02 02:02:32,416 - WARNING - Статус 'новый' не распознан
2026-08-02 02:02:32,416 - WARNING - Статус 'в работе' не распознан
2026-08-02 02:02:32,416 - WARNING - Статус 'новый' не распознан
2026-08-02 02:02:32,417 - WARNING - Статус 'новый' не распознан
2026-08-02 02:02:32,417 - WARNING - Статус 'в работе' не распознан
2026-08-02 02:02:32,417 - WARNING - Статус 'в работе' не распознан
2026-08-02 02:02:32,418 - WARNING - Статус 'новый' не распознан
2026-08-02 02:02:32,418 - WARNING - Статус 'новый' не распознан
2026-08-02 02:02:32,418 - WARNING - Статус 'перенесен' не распознан
2026-08-02 02:02:32,418 - WARNING - Статус 'перенесен' не распознан
2026-08-02 02:02:32,418 - WARNING - Статус 'новый' не распознан
2026-08-02 02:02:32,418 - WARNING - Статус 'новый' не распознан
2026-08-02 02:02:32,419 - WARNING - Статус 'в работе' не распознан
2026-08-02 02:02:32,419 - WARNING - Статус 'перенесен' не распознан
2026-08-02 02:02:32,419 - WARNING - Статус 'в работе' не распознан
2026-08-02 02:02:32,419 - WARNING - Статус 'в работе' не распознан
2026-08-02 02:02:32,419 - WARNING - Статус 'перенесен' не распознан
2026-08-02 02:02:32,419 - WARNING - Статус 'в работе' не распознан
2026-08-02 02:02:32,419 - WARNING - Статус 'перенесен' не распознан
2026-08-02 02:02:32,419 - WARNING - Статус 'новый' не распознан
2026-08-02 02:02:32,419 - WARNING - Статус 'в работе' не распознан
2026-08-02 02:02:32,419 - WARNING - Статус 'в работе' не распознан
2026-08-02 02:02:32,420 - WARNING - Строка 969: дубликат ID заказа 'ORD-100759'
2026-08-02 02:02:32,420 - WARNING - Строка 969 (ID=ORD-100759) исключена из-за 1 ошибок
2026-08-02 02:02:32,420 - WARNING - Строка 973 (ID=ORD-100972) исключена из-за 1 ошибок
2026-08-02 02:02:32,420 - WARNING - Статус 'перенесен' не распознан
2026-08-02 02:02:32,420 - WARNING - Статус 'завершено?' не распознан
2026-08-02 02:02:32,420 - WARNING - Статус 'новый' не распознан
2026-08-02 02:02:32,420 - WARNING - Статус 'перенесен' не распознан
2026-08-02 02:02:32,420 - WARNING - Статус 'новый' не распознан
2026-08-02 02:02:32,421 - INFO - Город 'Ростов на Дону' исправлен на 'Ростов-на-Дону' (score=100)
2026-08-02 02:02:32,421 - WARNING - Статус 'в работе' не распознан
2026-08-02 02:02:32,421 - WARNING - Статус 'новый' не распознан
2026-08-02 02:02:32,421 - WARNING - Статус 'перенесен' не распознан
2026-08-02 02:02:32,421 - WARNING - Статус 'новый' не распознан
2026-08-02 02:02:32,421 - WARNING - Не удалось распарсить дату: '31.04.2026'
2026-08-02 02:02:32,421 - WARNING - Строка 1002 (ID=ORD-101001) исключена из-за 1 ошибок
2026-08-02 02:02:32,421 - WARNING - Статус 'завершено?' не распознан
2026-08-02 02:02:32,422 - WARNING - Не удалось распарсить дату: '31.04.2026'
2026-08-02 02:02:32,422 - WARNING - Строка 1012 (ID=ORD-101011) исключена из-за 1 ошибок
2026-08-02 02:02:32,422 - WARNING - Статус 'в работе' не распознан
2026-08-02 02:02:32,422 - WARNING - Статус 'в работе' не распознан
2026-08-02 02:02:32,422 - WARNING - Статус 'в работе' не распознан
2026-08-02 02:02:32,422 - WARNING - Статус 'перенесен' не распознан
2026-08-02 02:02:32,422 - WARNING - Статус 'новый' не распознан
2026-08-02 02:02:32,422 - WARNING - Статус 'перенесен' не распознан
2026-08-02 02:02:32,423 - WARNING - Статус 'в работе' не распознан
2026-08-02 02:02:32,423 - WARNING - Строка 1032 (ID=ORD-101031) исключена из-за 1 ошибок
2026-08-02 02:02:32,423 - WARNING - Статус 'в работе' не распознан
2026-08-02 02:02:32,423 - WARNING - Статус 'перенесен' не распознан
2026-08-02 02:02:32,423 - WARNING - Статус 'в работе' не распознан
2026-08-02 02:02:32,423 - WARNING - Статус 'перенесен' не распознан
2026-08-02 02:02:32,423 - WARNING - Статус 'в работе' не распознан
2026-08-02 02:02:32,423 - WARNING - Статус 'новый' не распознан
2026-08-02 02:02:32,423 - WARNING - Статус 'перенесен' не распознан
2026-08-02 02:02:32,423 - WARNING - Статус 'в работе' не распознан
2026-08-02 02:02:32,424 - WARNING - Статус 'перенесен' не распознан
2026-08-02 02:02:32,424 - WARNING - Статус 'перенесен' не распознан
2026-08-02 02:02:32,424 - WARNING - Статус 'перенесен' не распознан
2026-08-02 02:02:32,424 - WARNING - Строка 1065 (ID=ORD-101064) исключена из-за 1 ошибок
2026-08-02 02:02:32,424 - WARNING - Статус 'перенесен' не распознан
2026-08-02 02:02:32,424 - WARNING - Статус 'новый' не распознан
2026-08-02 02:02:32,424 - WARNING - Статус 'перенесен' не распознан
2026-08-02 02:02:32,424 - WARNING - Статус 'в работе' не распознан
2026-08-02 02:02:32,425 - WARNING - Статус 'в работе' не распознан
2026-08-02 02:02:32,425 - WARNING - Статус 'перенесен' не распознан
2026-08-02 02:02:32,425 - WARNING - Не удалось распарсить дату: '00.05.2026'
2026-08-02 02:02:32,425 - WARNING - Строка 1086 (ID=ORD-101085) исключена из-за 1 ошибок
2026-08-02 02:02:32,425 - WARNING - Строка 1091 (ID=ORD-101090) исключена из-за 1 ошибок
2026-08-02 02:02:32,425 - WARNING - Статус 'перенесен' не распознан
2026-08-02 02:02:32,426 - WARNING - Статус 'новый' не распознан
2026-08-02 02:02:32,426 - WARNING - Статус 'перенесен' не распознан
2026-08-02 02:02:32,426 - WARNING - Статус 'новый' не распознан
2026-08-02 02:02:32,426 - WARNING - Статус 'в работе' не распознан
2026-08-02 02:02:32,426 - WARNING - Статус 'в работе' не распознан
2026-08-02 02:02:32,426 - WARNING - Статус 'в работе' не распознан
2026-08-02 02:02:32,426 - WARNING - Статус 'в работе' не распознан
2026-08-02 02:02:32,427 - INFO - Город 'Краснадар' исправлен на 'Краснодар' (score=89)
2026-08-02 02:02:32,427 - WARNING - Статус 'в работе' не распознан
2026-08-02 02:02:32,427 - WARNING - Статус 'в работе' не распознан
2026-08-02 02:02:32,427 - WARNING - Статус 'новый' не распознан
2026-08-02 02:02:32,427 - WARNING - Статус 'в работе' не распознан
2026-08-02 02:02:32,427 - WARNING - Статус 'в работе' не распознан
2026-08-02 02:02:32,427 - WARNING - Статус 'новый' не распознан
2026-08-02 02:02:32,427 - WARNING - Статус 'в работе' не распознан
2026-08-02 02:02:32,427 - WARNING - Статус 'в работе' не распознан
2026-08-02 02:02:32,428 - WARNING - Статус 'перенесен' не распознан
2026-08-02 02:02:32,428 - WARNING - Статус 'перенесен' не распознан
2026-08-02 02:02:32,428 - WARNING - Статус 'в работе' не распознан
2026-08-02 02:02:32,428 - WARNING - Статус 'в работе' не распознан
2026-08-02 02:02:32,428 - WARNING - Статус 'новый' не распознан
2026-08-02 02:02:32,428 - WARNING - Статус 'перенесен' не распознан
2026-08-02 02:02:32,428 - WARNING - Статус 'новый' не распознан
2026-08-02 02:02:32,428 - WARNING - Статус 'перенесен' не распознан
2026-08-02 02:02:32,429 - WARNING - Статус 'новый' не распознан
2026-08-02 02:02:32,429 - WARNING - Статус 'в работе' не распознан
2026-08-02 02:02:32,429 - WARNING - Статус 'новый' не распознан
2026-08-02 02:02:32,430 - WARNING - Статус 'новый' не распознан
2026-08-02 02:02:32,430 - WARNING - Статус 'в работе' не распознан
2026-08-02 02:02:32,430 - WARNING - Статус 'перенесен' не распознан
2026-08-02 02:02:32,430 - INFO - Город 'анапа' исправлен на 'Анапа' (score=100)
2026-08-02 02:02:32,430 - WARNING - Статус 'в работе' не распознан
2026-08-02 02:02:32,430 - INFO - Валидация завершена: 812 валидных заказов, 29 ошибок
2026-08-02 02:02:32,431 - INFO - Валидация завершена. Успешных заказов: 812, ошибок: 29
2026-08-02 02:02:32,444 - INFO - Отчёт сохранён в report.xlsx
2026-08-02 02:05:04,924 - INFO - Загрузка файла Тестовое_задание.xlsx
2026-08-02 02:05:04,925 - INFO - Чтение файла 'Тестовое_задание.xlsx', лист 'Заказы_сырье'
2026-08-02 02:05:04,997 - INFO - Прочитано 1200 строк
2026-08-02 02:05:04,997 - INFO - Прочитано 1200 строк
2026-08-02 02:05:04,997 - INFO - Начинаем валидацию 1200 строк
2026-08-02 02:05:05,002 - WARNING - Статус 'перенесен' не распознан
2026-08-02 02:05:05,002 - WARNING - Статус 'в работе' не распознан
2026-08-02 02:05:05,002 - WARNING - Статус 'новый' не распознан
2026-08-02 02:05:05,002 - WARNING - Статус 'в работе' не распознан
2026-08-02 02:05:05,002 - WARNING - Статус 'новый' не распознан
2026-08-02 02:05:05,003 - WARNING - Статус 'перенесен' не распознан
2026-08-02 02:05:05,003 - WARNING - Статус 'в работе' не распознан
2026-08-02 02:05:05,003 - WARNING - Статус 'новый' не распознан
2026-08-02 02:05:05,003 - WARNING - Строка 29 (ID=ORD-100028) исключена из-за 1 ошибок
2026-08-02 02:05:05,003 - WARNING - Статус 'в работе' не распознан
2026-08-02 02:05:05,003 - WARNING - Статус 'в работе' не распознан
2026-08-02 02:05:05,003 - WARNING - Статус 'новый' не распознан
2026-08-02 02:05:05,003 - WARNING - Статус 'перенесен' не распознан
2026-08-02 02:05:05,004 - WARNING - Статус 'перенесен' не распознан
2026-08-02 02:05:05,004 - WARNING - Статус 'перенесен' не распознан
2026-08-02 02:05:05,004 - WARNING - Статус 'новый' не распознан
2026-08-02 02:05:05,004 - WARNING - Статус 'в работе' не распознан
2026-08-02 02:05:05,004 - WARNING - Статус 'перенесен' не распознан
2026-08-02 02:05:05,004 - WARNING - Статус 'в работе' не распознан
2026-08-02 02:05:05,004 - WARNING - Статус 'в работе' не распознан
2026-08-02 02:05:05,004 - WARNING - Статус 'новый' не распознан
2026-08-02 02:05:05,004 - WARNING - Статус 'в работе' не распознан
2026-08-02 02:05:05,005 - WARNING - Статус 'новый' не распознан
2026-08-02 02:05:05,005 - INFO - Город 'анапа' исправлен на 'Анапа' (score=100)
2026-08-02 02:05:05,005 - WARNING - Статус 'в работе' не распознан
2026-08-02 02:05:05,005 - WARNING - Статус 'новый' не распознан
2026-08-02 02:05:05,005 - WARNING - Статус 'в работе' не распознан
2026-08-02 02:05:05,005 - WARNING - Статус 'перенесен' не распознан
2026-08-02 02:05:05,005 - WARNING - Статус 'в работе' не распознан
2026-08-02 02:05:05,005 - WARNING - Статус 'перенесен' не распознан
2026-08-02 02:05:05,005 - WARNING - Сумма 'не указано' не содержит цифр
2026-08-02 02:05:05,005 - WARNING - Статус 'перенесен' не распознан
2026-08-02 02:05:05,006 - WARNING - Статус 'новый' не распознан
2026-08-02 02:05:05,006 - WARNING - Статус 'перенесен' не распознан
2026-08-02 02:05:05,006 - WARNING - Строка 102 (ID=ORD-100101) исключена из-за 1 ошибок
2026-08-02 02:05:05,006 - WARNING - Статус 'новый' не распознан
2026-08-02 02:05:05,006 - WARNING - Статус 'новый' не распознан
2026-08-02 02:05:05,006 - WARNING - Статус 'перенесен' не распознан
2026-08-02 02:05:05,006 - WARNING - Статус 'новый' не распознан
2026-08-02 02:05:05,006 - WARNING - Статус 'в работе' не распознан
2026-08-02 02:05:05,006 - WARNING - Статус 'новый' не распознан
2026-08-02 02:05:05,006 - WARNING - Статус 'новый' не распознан
2026-08-02 02:05:05,006 - WARNING - Статус 'в работе' не распознан
2026-08-02 02:05:05,007 - WARNING - Статус 'в работе' не распознан
2026-08-02 02:05:05,007 - WARNING - Статус 'перенесен' не распознан
2026-08-02 02:05:05,007 - WARNING - Статус 'новый' не распознан
2026-08-02 02:05:05,007 - WARNING - Сумма 'abc' не содержит цифр
2026-08-02 02:05:05,007 - WARNING - Статус 'в работе' не распознан
2026-08-02 02:05:05,007 - WARNING - Статус 'перенесен' не распознан
2026-08-02 02:05:05,007 - WARNING - Строка 144 (ID=ORD-100143) исключена из-за 1 ошибок
2026-08-02 02:05:05,007 - WARNING - Статус 'новый' не распознан
2026-08-02 02:05:05,008 - WARNING - Статус 'в работе' не распознан
2026-08-02 02:05:05,008 - WARNING - Статус 'в работе' не распознан
2026-08-02 02:05:05,008 - WARNING - Статус 'перенесен' не распознан
2026-08-02 02:05:05,008 - WARNING - Статус 'в работе' не распознан
2026-08-02 02:05:05,008 - WARNING - Статус 'новый' не распознан
2026-08-02 02:05:05,008 - WARNING - Статус 'новый' не распознан
2026-08-02 02:05:05,008 - WARNING - Статус 'в работе' не распознан
2026-08-02 02:05:05,008 - WARNING - Статус 'новый' не распознан
2026-08-02 02:05:05,008 - WARNING - Статус 'новый' не распознан
2026-08-02 02:05:05,008 - WARNING - Статус 'перенесен' не распознан
2026-08-02 02:05:05,009 - WARNING - Статус 'новый' не распознан
2026-08-02 02:05:05,009 - WARNING - Сумма 'не указано' не содержит цифр
2026-08-02 02:05:05,009 - WARNING - Строка 194 (ID=ORD-100193) исключена из-за 1 ошибок
2026-08-02 02:05:05,009 - WARNING - Статус 'перенесен' не распознан
2026-08-02 02:05:05,009 - WARNING - Статус 'в работе' не распознан
2026-08-02 02:05:05,009 - WARNING - Статус 'новый' не распознан
2026-08-02 02:05:05,009 - WARNING - Статус 'перенесен' не распознан
2026-08-02 02:05:05,011 - WARNING - Статус 'в работе' не распознан
2026-08-02 02:05:05,011 - WARNING - Сумма 'три тысячи' не содержит цифр
2026-08-02 02:05:05,011 - WARNING - Сумма '' не содержит цифр
2026-08-02 02:05:05,011 - WARNING - Строка 209 (ID=ORD-100208) исключена из-за 1 ошибок
2026-08-02 02:05:05,011 - WARNING - Статус 'в работе' не распознан
2026-08-02 02:05:05,011 - WARNING - Статус 'перенесен' не распознан
2026-08-02 02:05:05,011 - WARNING - Статус 'в работе' не распознан
2026-08-02 02:05:05,011 - WARNING - Статус 'перенесен' не распознан
2026-08-02 02:05:05,011 - WARNING - Статус 'в работе' не распознан
2026-08-02 02:05:05,011 - WARNING - Статус 'в работе' не распознан
2026-08-02 02:05:05,011 - WARNING - Строка 226 (ID=ORD-100225) исключена из-за 1 ошибок
2026-08-02 02:05:05,012 - WARNING - Статус 'в работе' не распознан
2026-08-02 02:05:05,014 - WARNING - Не удалось распарсить дату: '32.05.2026'
2026-08-02 02:05:05,014 - WARNING - Строка 229 (ID=ORD-100228) исключена из-за 1 ошибок
2026-08-02 02:05:05,014 - WARNING - Статус 'новый' не распознан
2026-08-02 02:05:05,014 - WARNING - Статус 'новый' не распознан
2026-08-02 02:05:05,014 - WARNING - Статус 'завершено?' не распознан
2026-08-02 02:05:05,014 - WARNING - Сумма '' не содержит цифр
2026-08-02 02:05:05,014 - WARNING - Строка 237 (ID=ORD-100236) исключена из-за 1 ошибок
2026-08-02 02:05:05,014 - WARNING - Статус 'перенесен' не распознан
2026-08-02 02:05:05,014 - WARNING - Статус 'в работе' не распознан
2026-08-02 02:05:05,014 - WARNING - Статус 'новый' не распознан
2026-08-02 02:05:05,014 - WARNING - Статус 'новый' не распознан
2026-08-02 02:05:05,015 - WARNING - Статус 'в работе' не распознан
2026-08-02 02:05:05,015 - WARNING - Статус 'новый' не распознан
2026-08-02 02:05:05,015 - WARNING - Статус 'перенесен' не распознан
2026-08-02 02:05:05,015 - WARNING - Статус 'новый' не распознан
2026-08-02 02:05:05,015 - WARNING - Статус 'перенесен' не распознан
2026-08-02 02:05:05,015 - WARNING - Статус 'в работе' не распознан
2026-08-02 02:05:05,015 - WARNING - Статус 'в работе' не распознан
2026-08-02 02:05:05,016 - WARNING - Статус 'в работе' не распознан
2026-08-02 02:05:05,016 - WARNING - Статус 'в работе' не распознан
2026-08-02 02:05:05,016 - WARNING - Статус 'в работе' не распознан
2026-08-02 02:05:05,016 - WARNING - Статус 'перенесен' не распознан
2026-08-02 02:05:05,016 - WARNING - Статус 'в работе' не распознан
2026-08-02 02:05:05,016 - WARNING - Строка 292 (ID=ORD-100291) исключена из-за 1 ошибок
2026-08-02 02:05:05,016 - WARNING - Статус 'в работе' не распознан
2026-08-02 02:05:05,016 - WARNING - Строка 302: дубликат ID заказа 'ORD-100050'
2026-08-02 02:05:05,016 - WARNING - Строка 302 (ID=ORD-100050) исключена из-за 1 ошибок
2026-08-02 02:05:05,017 - WARNING - Статус 'в работе' не распознан
2026-08-02 02:05:05,017 - WARNING - Статус 'новый' не распознан
2026-08-02 02:05:05,017 - WARNING - Статус 'перенесен' не распознан
2026-08-02 02:05:05,017 - WARNING - Сумма 'три тысячи' не содержит цифр
2026-08-02 02:05:05,017 - WARNING - Статус 'перенесен' не распознан
2026-08-02 02:05:05,017 - WARNING - Статус 'новый' не распознан
2026-08-02 02:05:05,017 - WARNING - Статус 'перенесен' не распознан
2026-08-02 02:05:05,017 - WARNING - Статус 'перенесен' не распознан
2026-08-02 02:05:05,017 - WARNING - Статус 'новый' не распознан
2026-08-02 02:05:05,017 - WARNING - Статус 'в работе' не распознан
2026-08-02 02:05:05,018 - WARNING - Статус 'перенесен' не распознан
2026-08-02 02:05:05,018 - WARNING - Статус 'новый' не распознан
2026-08-02 02:05:05,018 - WARNING - Статус 'в работе' не распознан
2026-08-02 02:05:05,018 - WARNING - Статус 'новый' не распознан
2026-08-02 02:05:05,018 - WARNING - Статус 'в работе' не распознан
2026-08-02 02:05:05,018 - WARNING - Статус 'перенесен' не распознан
2026-08-02 02:05:05,018 - WARNING - Строка 350 (ID=ORD-100349) исключена из-за 1 ошибок
2026-08-02 02:05:05,018 - WARNING - Статус 'в работе' не распознан
2026-08-02 02:05:05,018 - WARNING - Статус 'перенесен' не распознан
2026-08-02 02:05:05,019 - WARNING - Статус 'в работе' не распознан
2026-08-02 02:05:05,019 - WARNING - Строка 363 (ID=ORD-100362) исключена из-за 1 ошибок
2026-08-02 02:05:05,019 - WARNING - Статус 'перенесен' не распознан
2026-08-02 02:05:05,019 - WARNING - Статус 'перенесен' не распознан
2026-08-02 02:05:05,019 - WARNING - Статус 'в работе' не распознан
2026-08-02 02:05:05,019 - WARNING - Статус 'в работе' не распознан
2026-08-02 02:05:05,019 - WARNING - Статус 'перенесен' не распознан
2026-08-02 02:05:05,020 - WARNING - Статус 'новый' не распознан
2026-08-02 02:05:05,020 - WARNING - Статус 'в работе' не распознан
2026-08-02 02:05:05,020 - WARNING - Статус 'новый' не распознан
2026-08-02 02:05:05,020 - WARNING - Статус 'в работе' не распознан
2026-08-02 02:05:05,020 - WARNING - Статус 'новый' не распознан
2026-08-02 02:05:05,020 - WARNING - Статус 'в работе' не распознан
2026-08-02 02:05:05,020 - WARNING - Статус 'перенесен' не распознан
2026-08-02 02:05:05,020 - WARNING - Строка 399 (ID=ORD-100398) исключена из-за 1 ошибок
2026-08-02 02:05:05,020 - WARNING - Статус 'перенесен' не распознан
2026-08-02 02:05:05,020 - WARNING - Статус 'в работе' не распознан
2026-08-02 02:05:05,020 - WARNING - Статус 'в работе' не распознан
2026-08-02 02:05:05,020 - WARNING - Статус 'новый' не распознан
2026-08-02 02:05:05,020 - WARNING - Статус 'в работе' не распознан
2026-08-02 02:05:05,020 - WARNING - Статус 'перенесен' не распознан
2026-08-02 02:05:05,020 - WARNING - Статус 'в работе' не распознан
2026-08-02 02:05:05,021 - WARNING - Статус 'новый' не распознан
2026-08-02 02:05:05,021 - WARNING - Статус 'завершено?' не распознан
2026-08-02 02:05:05,021 - WARNING - Статус 'новый' не распознан
2026-08-02 02:05:05,021 - WARNING - Статус 'новый' не распознан
2026-08-02 02:05:05,021 - WARNING - Статус 'в работе' не распознан
2026-08-02 02:05:05,021 - WARNING - Статус 'в работе' не распознан
2026-08-02 02:05:05,021 - WARNING - Статус 'новый' не распознан
2026-08-02 02:05:05,021 - WARNING - Статус 'новый' не распознан
2026-08-02 02:05:05,021 - WARNING - Статус 'новый' не распознан
2026-08-02 02:05:05,022 - WARNING - Статус 'в работе' не распознан
2026-08-02 02:05:05,022 - WARNING - Сумма 'abc' не содержит цифр
2026-08-02 02:05:05,022 - WARNING - Статус 'в работе' не распознан
2026-08-02 02:05:05,022 - WARNING - Статус 'в работе' не распознан
2026-08-02 02:05:05,022 - WARNING - Статус 'в работе' не распознан
2026-08-02 02:05:05,022 - WARNING - Статус 'в работе' не распознан
2026-08-02 02:05:05,022 - WARNING - Статус 'новый' не распознан
2026-08-02 02:05:05,022 - WARNING - Статус 'в работе' не распознан
2026-08-02 02:05:05,022 - WARNING - Не удалось распарсить дату: '32.05.2026'
2026-08-02 02:05:05,022 - WARNING - Строка 453 (ID=ORD-100452) исключена из-за 1 ошибок
2026-08-02 02:05:05,023 - WARNING - Статус 'новый' не распознан
2026-08-02 02:05:05,023 - WARNING - Статус 'в работе' не распознан
2026-08-02 02:05:05,023 - WARNING - Статус 'в работе' не распознан
2026-08-02 02:05:05,023 - WARNING - Статус 'перенесен' не распознан
2026-08-02 02:05:05,023 - WARNING - Статус 'новый' не распознан
2026-08-02 02:05:05,023 - WARNING - Статус 'в работе' не распознан
2026-08-02 02:05:05,023 - WARNING - Статус 'новый' не распознан
2026-08-02 02:05:05,023 - WARNING - Статус 'в работе' не распознан
2026-08-02 02:05:05,023 - WARNING - Статус 'в работе' не распознан
2026-08-02 02:05:05,024 - WARNING - Статус 'новый' не распознан
2026-08-02 02:05:05,024 - WARNING - Статус 'перенесен' не распознан
2026-08-02 02:05:05,024 - WARNING - Статус 'новый' не распознан
2026-08-02 02:05:05,024 - WARNING - Статус 'в работе' не распознан
2026-08-02 02:05:05,024 - WARNING - Статус 'перенесен' не распознан
2026-08-02 02:05:05,024 - WARNING - Статус 'перенесен' не распознан
2026-08-02 02:05:05,024 - WARNING - Статус 'в работе' не распознан
2026-08-02 02:05:05,024 - WARNING - Статус 'перенесен' не распознан
2026-08-02 02:05:05,024 - WARNING - Статус 'перенесен' не распознан
2026-08-02 02:05:05,025 - WARNING - Статус 'перенесен' не распознан
2026-08-02 02:05:05,025 - WARNING - Статус 'перенесен' не распознан
2026-08-02 02:05:05,025 - WARNING - Строка 508: дубликат ID заказа 'ORD-100074'
2026-08-02 02:05:05,025 - WARNING - Строка 508 (ID=ORD-100074) исключена из-за 1 ошибок
2026-08-02 02:05:05,025 - WARNING - Статус 'перенесен' не распознан
2026-08-02 02:05:05,025 - INFO - Город 'Новоросийск' исправлен на 'Новороссийск' (score=96)
2026-08-02 02:05:05,025 - WARNING - Статус 'перенесен' не распознан
2026-08-02 02:05:05,025 - WARNING - Статус 'перенесен' не распознан
2026-08-02 02:05:05,026 - INFO - Город 'Новоросийск' исправлен на 'Новороссийск' (score=96)
2026-08-02 02:05:05,026 - WARNING - Статус 'перенесен' не распознан
2026-08-02 02:05:05,026 - WARNING - Статус 'в работе' не распознан
2026-08-02 02:05:05,026 - WARNING - Статус 'новый' не распознан
2026-08-02 02:05:05,027 - WARNING - Статус 'в работе' не распознан
2026-08-02 02:05:05,027 - WARNING - Статус 'в работе' не распознан
2026-08-02 02:05:05,027 - WARNING - Статус 'перенесен' не распознан
2026-08-02 02:05:05,027 - WARNING - Статус 'перенесен' не распознан
2026-08-02 02:05:05,027 - WARNING - Статус 'в работе' не распознан
2026-08-02 02:05:05,028 - WARNING - Статус 'в работе' не распознан
2026-08-02 02:05:05,028 - WARNING - Статус 'в работе' не распознан
2026-08-02 02:05:05,028 - WARNING - Статус 'в работе' не распознан
2026-08-02 02:05:05,029 - WARNING - Не удалось распарсить дату: '32.05.2026'
2026-08-02 02:05:05,029 - WARNING - Статус 'в работе' не распознан
2026-08-02 02:05:05,030 - WARNING - Статус 'новый' не распознан
2026-08-02 02:05:05,030 - WARNING - Статус 'завершено?' не распознан
2026-08-02 02:05:05,031 - WARNING - Статус 'в работе' не распознан
2026-08-02 02:05:05,031 - WARNING - Статус 'в работе' не распознан
2026-08-02 02:05:05,031 - WARNING - Статус 'в работе' не распознан
2026-08-02 02:05:05,031 - WARNING - Статус 'в работе' не распознан
2026-08-02 02:05:05,032 - WARNING - Статус 'в работе' не распознан
2026-08-02 02:05:05,032 - WARNING - Статус 'в работе' не распознан
2026-08-02 02:05:05,032 - WARNING - Статус 'новый' не распознан
2026-08-02 02:05:05,032 - WARNING - Статус 'в работе' не распознан
2026-08-02 02:05:05,032 - WARNING - Статус 'в работе' не распознан
2026-08-02 02:05:05,032 - WARNING - Статус 'перенесен' не распознан
2026-08-02 02:05:05,032 - WARNING - Строка 597 (ID=ORD-100596) исключена из-за 1 ошибок
2026-08-02 02:05:05,032 - WARNING - Статус 'новый' не распознан
2026-08-02 02:05:05,032 - WARNING - Статус 'перенесен' не распознан
2026-08-02 02:05:05,032 - WARNING - Статус 'в работе' не распознан
2026-08-02 02:05:05,033 - WARNING - Статус 'новый' не распознан
2026-08-02 02:05:05,033 - WARNING - Статус 'в работе' не распознан
2026-08-02 02:05:05,033 - WARNING - Статус 'в работе' не распознан
2026-08-02 02:05:05,033 - WARNING - Статус 'перенесен' не распознан
2026-08-02 02:05:05,033 - INFO - Город 'Новоросийск' исправлен на 'Новороссийск' (score=96)
2026-08-02 02:05:05,033 - WARNING - Статус 'новый' не распознан
2026-08-02 02:05:05,033 - WARNING - Статус 'в работе' не распознан
2026-08-02 02:05:05,033 - WARNING - Статус 'в работе' не распознан
2026-08-02 02:05:05,034 - WARNING - Не удалось распарсить дату: '00.05.2026'
2026-08-02 02:05:05,034 - WARNING - Статус 'в работе' не распознан
2026-08-02 02:05:05,034 - WARNING - Статус 'завершено?' не распознан
2026-08-02 02:05:05,034 - WARNING - Статус 'в работе' не распознан
2026-08-02 02:05:05,034 - WARNING - Статус 'перенесен' не распознан
2026-08-02 02:05:05,034 - WARNING - Статус 'в работе' не распознан
2026-08-02 02:05:05,034 - WARNING - Статус 'новый' не распознан
2026-08-02 02:05:05,034 - WARNING - Статус 'в работе' не распознан
2026-08-02 02:05:05,034 - WARNING - Статус 'в работе' не распознан
2026-08-02 02:05:05,034 - WARNING - Статус 'в работе' не распознан
2026-08-02 02:05:05,034 - WARNING - Строка 647: дубликат ID заказа 'ORD-100028'
2026-08-02 02:05:05,035 - WARNING - Строка 647 (ID=ORD-100028) исключена из-за 1 ошибок
2026-08-02 02:05:05,035 - WARNING - Статус 'в работе' не распознан
2026-08-02 02:05:05,035 - WARNING - Статус 'перенесен' не распознан
2026-08-02 02:05:05,035 - WARNING - Статус 'перенесен' не распознан
2026-08-02 02:05:05,035 - WARNING - Статус 'перенесен' не распознан
2026-08-02 02:05:05,035 - WARNING - Статус 'в работе' не распознан
2026-08-02 02:05:05,035 - WARNING - Статус 'перенесен' не распознан
2026-08-02 02:05:05,035 - WARNING - Статус 'в работе' не распознан
2026-08-02 02:05:05,035 - WARNING - Статус 'в работе' не распознан
2026-08-02 02:05:05,035 - WARNING - Статус 'в работе' не распознан
2026-08-02 02:05:05,036 - WARNING - Статус 'новый' не распознан
2026-08-02 02:05:05,036 - WARNING - Статус 'перенесен' не распознан
2026-08-02 02:05:05,036 - WARNING - Статус 'перенесен' не распознан
2026-08-02 02:05:05,036 - WARNING - Статус 'готово' не распознан
2026-08-02 02:05:05,036 - WARNING - Статус 'в работе' не распознан
2026-08-02 02:05:05,037 - WARNING - Статус 'в работе' не распознан
2026-08-02 02:05:05,037 - WARNING - Статус 'в работе' не распознан
2026-08-02 02:05:05,037 - WARNING - Статус 'новый' не распознан
2026-08-02 02:05:05,037 - WARNING - Статус 'перенесен' не распознан
2026-08-02 02:05:05,037 - WARNING - Статус 'перенесен' не распознан
2026-08-02 02:05:05,037 - WARNING - Статус 'в работе' не распознан
2026-08-02 02:05:05,038 - WARNING - Статус 'новый' не распознан
2026-08-02 02:05:05,038 - WARNING - Не удалось распарсить дату: '30.02.2026'
2026-08-02 02:05:05,038 - WARNING - Строка 723 (ID=ORD-100722) исключена из-за 1 ошибок
2026-08-02 02:05:05,038 - WARNING - Статус 'новый' не распознан
2026-08-02 02:05:05,038 - WARNING - Не удалось распарсить дату: '31.04.2026'
2026-08-02 02:05:05,038 - WARNING - Строка 727 (ID=ORD-100726) исключена из-за 1 ошибок
2026-08-02 02:05:05,038 - WARNING - Статус 'перенесен' не распознан
2026-08-02 02:05:05,039 - WARNING - Статус 'перенесен' не распознан
2026-08-02 02:05:05,039 - WARNING - Статус 'перенесен' не распознан
2026-08-02 02:05:05,039 - WARNING - Статус 'новый' не распознан
2026-08-02 02:05:05,039 - WARNING - Статус 'в работе' не распознан
2026-08-02 02:05:05,039 - WARNING - Статус 'в работе' не распознан
2026-08-02 02:05:05,039 - WARNING - Статус 'новый' не распознан
2026-08-02 02:05:05,039 - WARNING - Статус 'перенесен' не распознан
2026-08-02 02:05:05,040 - WARNING - Статус 'перенесен' не распознан
2026-08-02 02:05:05,040 - WARNING - Статус 'новый' не распознан
2026-08-02 02:05:05,040 - WARNING - Статус 'в работе' не распознан
2026-08-02 02:05:05,040 - WARNING - Статус 'новый' не распознан
2026-08-02 02:05:05,040 - WARNING - Статус 'перенесен' не распознан
2026-08-02 02:05:05,040 - WARNING - Статус 'перенесен' не распознан
2026-08-02 02:05:05,041 - WARNING - Статус 'перенесен' не распознан
2026-08-02 02:05:05,041 - WARNING - Статус 'перенесен' не распознан
2026-08-02 02:05:05,041 - WARNING - Статус 'перенесен' не распознан
2026-08-02 02:05:05,041 - INFO - Город 'Ростов на Дону' исправлен на 'Ростов-на-Дону' (score=100)
2026-08-02 02:05:05,041 - WARNING - Статус 'новый' не распознан
2026-08-02 02:05:05,041 - WARNING - Статус 'новый' не распознан
2026-08-02 02:05:05,041 - WARNING - Статус 'в работе' не распознан
2026-08-02 02:05:05,041 - INFO - Город 'Новоросийск' исправлен на 'Новороссийск' (score=96)
2026-08-02 02:05:05,041 - WARNING - Статус 'перенесен' не распознан
2026-08-02 02:05:05,042 - WARNING - Статус 'в работе' не распознан
2026-08-02 02:05:05,042 - WARNING - Статус 'новый' не распознан
2026-08-02 02:05:05,042 - WARNING - Статус 'в работе' не распознан
2026-08-02 02:05:05,042 - WARNING - Статус 'в работе' не распознан
2026-08-02 02:05:05,042 - WARNING - Статус 'в работе' не распознан
2026-08-02 02:05:05,042 - WARNING - Статус 'в работе' не распознан
2026-08-02 02:05:05,043 - WARNING - Статус 'новый' не распознан
2026-08-02 02:05:05,043 - WARNING - Статус 'новый' не распознан
2026-08-02 02:05:05,043 - WARNING - Статус 'новый' не распознан
2026-08-02 02:05:05,043 - WARNING - Статус 'в работе' не распознан
2026-08-02 02:05:05,043 - WARNING - Статус 'новый' не распознан
2026-08-02 02:05:05,043 - WARNING - Статус 'в работе' не распознан
2026-08-02 02:05:05,043 - WARNING - Статус 'в работе' не распознан
2026-08-02 02:05:05,044 - WARNING - Статус 'новый' не распознан
2026-08-02 02:05:05,044 - WARNING - Статус 'перенесен' не распознан
2026-08-02 02:05:05,044 - WARNING - Строка 878 (ID=ORD-100877) исключена из-за 1 ошибок
2026-08-02 02:05:05,044 - WARNING - Статус 'в работе' не распознан
2026-08-02 02:05:05,044 - WARNING - Не удалось распарсить дату: '00.05.2026'
2026-08-02 02:05:05,044 - WARNING - Строка 889 (ID=ORD-100888) исключена из-за 1 ошибок
2026-08-02 02:05:05,044 - WARNING - Статус 'в работе' не распознан
2026-08-02 02:05:05,044 - WARNING - Статус 'новый' не распознан
2026-08-02 02:05:05,045 - WARNING - Статус 'в работе' не распознан
2026-08-02 02:05:05,045 - WARNING - Статус 'перенесен' не распознан
2026-08-02 02:05:05,045 - WARNING - Статус 'в работе' не распознан
2026-08-02 02:05:05,045 - WARNING - Статус 'перенесен' не распознан
2026-08-02 02:05:05,045 - WARNING - Статус 'новый' не распознан
2026-08-02 02:05:05,045 - WARNING - Статус 'в работе' не распознан
2026-08-02 02:05:05,045 - WARNING - Статус 'новый' не распознан
2026-08-02 02:05:05,045 - WARNING - Статус 'новый' не распознан
2026-08-02 02:05:05,046 - WARNING - Статус 'в работе' не распознан
2026-08-02 02:05:05,046 - WARNING - Статус 'в работе' не распознан
2026-08-02 02:05:05,046 - WARNING - Статус 'новый' не распознан
2026-08-02 02:05:05,046 - WARNING - Статус 'новый' не распознан
2026-08-02 02:05:05,046 - WARNING - Статус 'перенесен' не распознан
2026-08-02 02:05:05,047 - WARNING - Статус 'перенесен' не распознан
2026-08-02 02:05:05,047 - WARNING - Статус 'новый' не распознан
2026-08-02 02:05:05,047 - WARNING - Статус 'новый' не распознан
2026-08-02 02:05:05,047 - WARNING - Статус 'в работе' не распознан
2026-08-02 02:05:05,047 - WARNING - Статус 'перенесен' не распознан
2026-08-02 02:05:05,047 - WARNING - Статус 'в работе' не распознан
2026-08-02 02:05:05,047 - WARNING - Статус 'в работе' не распознан
2026-08-02 02:05:05,047 - WARNING - Статус 'перенесен' не распознан
2026-08-02 02:05:05,047 - WARNING - Статус 'в работе' не распознан
2026-08-02 02:05:05,047 - WARNING - Статус 'перенесен' не распознан
2026-08-02 02:05:05,047 - WARNING - Статус 'новый' не распознан
2026-08-02 02:05:05,047 - WARNING - Статус 'в работе' не распознан
2026-08-02 02:05:05,048 - WARNING - Статус 'в работе' не распознан
2026-08-02 02:05:05,048 - WARNING - Строка 969: дубликат ID заказа 'ORD-100759'
2026-08-02 02:05:05,048 - WARNING - Строка 969 (ID=ORD-100759) исключена из-за 1 ошибок
2026-08-02 02:05:05,048 - WARNING - Строка 973 (ID=ORD-100972) исключена из-за 1 ошибок
2026-08-02 02:05:05,048 - WARNING - Статус 'перенесен' не распознан
2026-08-02 02:05:05,048 - WARNING - Статус 'завершено?' не распознан
2026-08-02 02:05:05,048 - WARNING - Статус 'новый' не распознан
2026-08-02 02:05:05,048 - WARNING - Статус 'перенесен' не распознан
2026-08-02 02:05:05,048 - WARNING - Статус 'новый' не распознан
2026-08-02 02:05:05,049 - INFO - Город 'Ростов на Дону' исправлен на 'Ростов-на-Дону' (score=100)
2026-08-02 02:05:05,049 - WARNING - Статус 'в работе' не распознан
2026-08-02 02:05:05,049 - WARNING - Статус 'новый' не распознан
2026-08-02 02:05:05,049 - WARNING - Статус 'перенесен' не распознан
2026-08-02 02:05:05,049 - WARNING - Статус 'новый' не распознан
2026-08-02 02:05:05,049 - WARNING - Не удалось распарсить дату: '31.04.2026'
2026-08-02 02:05:05,049 - WARNING - Строка 1002 (ID=ORD-101001) исключена из-за 1 ошибок
2026-08-02 02:05:05,049 - WARNING - Статус 'завершено?' не распознан
2026-08-02 02:05:05,050 - WARNING - Не удалось распарсить дату: '31.04.2026'
2026-08-02 02:05:05,050 - WARNING - Строка 1012 (ID=ORD-101011) исключена из-за 1 ошибок
2026-08-02 02:05:05,050 - WARNING - Статус 'в работе' не распознан
2026-08-02 02:05:05,050 - WARNING - Статус 'в работе' не распознан
2026-08-02 02:05:05,050 - WARNING - Статус 'в работе' не распознан
2026-08-02 02:05:05,050 - WARNING - Статус 'перенесен' не распознан
2026-08-02 02:05:05,050 - WARNING - Статус 'новый' не распознан
2026-08-02 02:05:05,050 - WARNING - Статус 'перенесен' не распознан
2026-08-02 02:05:05,050 - WARNING - Статус 'в работе' не распознан
2026-08-02 02:05:05,050 - WARNING - Строка 1032 (ID=ORD-101031) исключена из-за 1 ошибок
2026-08-02 02:05:05,051 - WARNING - Статус 'в работе' не распознан
2026-08-02 02:05:05,051 - WARNING - Статус 'перенесен' не распознан
2026-08-02 02:05:05,051 - WARNING - Статус 'в работе' не распознан
2026-08-02 02:05:05,051 - WARNING - Статус 'перенесен' не распознан
2026-08-02 02:05:05,051 - WARNING - Статус 'в работе' не распознан
2026-08-02 02:05:05,051 - WARNING - Статус 'новый' не распознан
2026-08-02 02:05:05,051 - WARNING - Статус 'перенесен' не распознан
2026-08-02 02:05:05,051 - WARNING - Статус 'в работе' не распознан
2026-08-02 02:05:05,051 - WARNING - Статус 'перенесен' не распознан
2026-08-02 02:05:05,051 - WARNING - Статус 'перенесен' не распознан
2026-08-02 02:05:05,051 - WARNING - Статус 'перенесен' не распознан
2026-08-02 02:05:05,052 - WARNING - Строка 1065 (ID=ORD-101064) исключена из-за 1 ошибок
2026-08-02 02:05:05,052 - WARNING - Статус 'перенесен' не распознан
2026-08-02 02:05:05,052 - WARNING - Статус 'новый' не распознан
2026-08-02 02:05:05,052 - WARNING - Статус 'перенесен' не распознан
2026-08-02 02:05:05,052 - WARNING - Статус 'в работе' не распознан
2026-08-02 02:05:05,052 - WARNING - Статус 'в работе' не распознан
2026-08-02 02:05:05,052 - WARNING - Статус 'перенесен' не распознан
2026-08-02 02:05:05,053 - WARNING - Не удалось распарсить дату: '00.05.2026'
2026-08-02 02:05:05,053 - WARNING - Строка 1086 (ID=ORD-101085) исключена из-за 1 ошибок
2026-08-02 02:05:05,053 - WARNING - Строка 1091 (ID=ORD-101090) исключена из-за 1 ошибок
2026-08-02 02:05:05,053 - WARNING - Статус 'перенесен' не распознан
2026-08-02 02:05:05,053 - WARNING - Статус 'новый' не распознан
2026-08-02 02:05:05,053 - WARNING - Статус 'перенесен' не распознан
2026-08-02 02:05:05,053 - WARNING - Статус 'новый' не распознан
2026-08-02 02:05:05,053 - WARNING - Статус 'в работе' не распознан
2026-08-02 02:05:05,054 - WARNING - Статус 'в работе' не распознан
2026-08-02 02:05:05,054 - WARNING - Статус 'в работе' не распознан
2026-08-02 02:05:05,054 - WARNING - Статус 'в работе' не распознан
2026-08-02 02:05:05,054 - INFO - Город 'Краснадар' исправлен на 'Краснодар' (score=89)
2026-08-02 02:05:05,054 - WARNING - Статус 'в работе' не распознан
2026-08-02 02:05:05,054 - WARNING - Статус 'в работе' не распознан
2026-08-02 02:05:05,054 - WARNING - Статус 'новый' не распознан
2026-08-02 02:05:05,055 - WARNING - Статус 'в работе' не распознан
2026-08-02 02:05:05,055 - WARNING - Статус 'в работе' не распознан
2026-08-02 02:05:05,055 - WARNING - Статус 'новый' не распознан
2026-08-02 02:05:05,055 - WARNING - Статус 'в работе' не распознан
2026-08-02 02:05:05,055 - WARNING - Статус 'в работе' не распознан
2026-08-02 02:05:05,055 - WARNING - Статус 'перенесен' не распознан
2026-08-02 02:05:05,055 - WARNING - Статус 'перенесен' не распознан
2026-08-02 02:05:05,055 - WARNING - Статус 'в работе' не распознан
2026-08-02 02:05:05,055 - WARNING - Статус 'в работе' не распознан
2026-08-02 02:05:05,055 - WARNING - Статус 'новый' не распознан
2026-08-02 02:05:05,055 - WARNING - Статус 'перенесен' не распознан
2026-08-02 02:05:05,055 - WARNING - Статус 'новый' не распознан
2026-08-02 02:05:05,055 - WARNING - Статус 'перенесен' не распознан
2026-08-02 02:05:05,056 - WARNING - Статус 'новый' не распознан
2026-08-02 02:05:05,056 - WARNING - Статус 'в работе' не распознан
2026-08-02 02:05:05,056 - WARNING - Статус 'новый' не распознан
2026-08-02 02:05:05,056 - WARNING - Статус 'новый' не распознан
2026-08-02 02:05:05,056 - WARNING - Статус 'в работе' не распознан
2026-08-02 02:05:05,056 - WARNING - Статус 'перенесен' не распознан
2026-08-02 02:05:05,056 - INFO - Город 'анапа' исправлен на 'Анапа' (score=100)
2026-08-02 02:05:05,056 - WARNING - Статус 'в работе' не распознан
2026-08-02 02:05:05,057 - INFO - Валидация завершена: 812 валидных заказов, 29 ошибок
2026-08-02 02:05:05,057 - INFO - Валидация завершена. Успешных заказов: 812, ошибок: 29
2026-08-02 02:05:05,073 - INFO - Отчёт сохранён в report.xlsx
2026-08-02 02:33:07,693 - main - INFO - Загружен файл: Тестовое_задание.xlsx
2026-08-02 02:33:07,697 - report.report_build - INFO - Загрузка файла uploads/Тестовое_задание.xlsx
2026-08-02 02:33:07,697 - report.handler - INFO - Чтение файла 'uploads/Тестовое_задание.xlsx', лист 'Заказы_сырье'
2026-08-02 02:33:07,797 - report.handler - INFO - Прочитано 1200 строк
2026-08-02 02:33:07,798 - report.report_build - INFO - Прочитано 1200 строк
2026-08-02 02:33:07,798 - report.validation - INFO - Начинаем валидацию 1200 строк
2026-08-02 02:33:07,802 - report.normalization - WARNING - Статус 'перенесен' не распознан
2026-08-02 02:33:07,802 - report.normalization - WARNING - Статус 'в работе' не распознан
2026-08-02 02:33:07,802 - report.normalization - WARNING - Статус 'новый' не распознан
2026-08-02 02:33:07,802 - report.normalization - WARNING - Статус 'в работе' не распознан
2026-08-02 02:33:07,803 - report.normalization - WARNING - Статус 'новый' не распознан
2026-08-02 02:33:07,803 - report.normalization - WARNING - Статус 'перенесен' не распознан
2026-08-02 02:33:07,803 - report.normalization - WARNING - Статус 'в работе' не распознан
2026-08-02 02:33:07,803 - report.normalization - WARNING - Статус 'новый' не распознан
2026-08-02 02:33:07,803 - report.validation - WARNING - Строка 29 (ID=ORD-100028) исключена из-за 1 ошибок
2026-08-02 02:33:07,803 - report.normalization - WARNING - Статус 'в работе' не распознан
2026-08-02 02:33:07,803 - report.normalization - WARNING - Статус 'в работе' не распознан
2026-08-02 02:33:07,804 - report.normalization - WARNING - Статус 'новый' не распознан
2026-08-02 02:33:07,804 - report.normalization - WARNING - Статус 'перенесен' не распознан
2026-08-02 02:33:07,804 - report.normalization - WARNING - Статус 'перенесен' не распознан
2026-08-02 02:33:07,804 - report.normalization - WARNING - Статус 'перенесен' не распознан
2026-08-02 02:33:07,804 - report.normalization - WARNING - Статус 'новый' не распознан
2026-08-02 02:33:07,804 - report.normalization - WARNING - Статус 'в работе' не распознан
2026-08-02 02:33:07,804 - report.normalization - WARNING - Статус 'перенесен' не распознан
2026-08-02 02:33:07,804 - report.normalization - WARNING - Статус 'в работе' не распознан
2026-08-02 02:33:07,804 - report.normalization - WARNING - Статус 'в работе' не распознан
2026-08-02 02:33:07,805 - report.normalization - WARNING - Статус 'новый' не распознан
2026-08-02 02:33:07,805 - report.normalization - WARNING - Статус 'в работе' не распознан
2026-08-02 02:33:07,805 - report.normalization - WARNING - Статус 'новый' не распознан
2026-08-02 02:33:07,805 - report.normalization - INFO - Город 'анапа' исправлен на 'Анапа' (score=100)
2026-08-02 02:33:07,805 - report.normalization - WARNING - Статус 'в работе' не распознан
2026-08-02 02:33:07,805 - report.normalization - WARNING - Статус 'новый' не распознан
2026-08-02 02:33:07,805 - report.normalization - WARNING - Статус 'в работе' не распознан
2026-08-02 02:33:07,805 - report.normalization - WARNING - Статус 'перенесен' не распознан
2026-08-02 02:33:07,806 - report.normalization - WARNING - Статус 'в работе' не распознан
2026-08-02 02:33:07,806 - report.normalization - WARNING - Статус 'перенесен' не распознан
2026-08-02 02:33:07,806 - report.normalization - WARNING - Сумма 'не указано' не содержит цифр
2026-08-02 02:33:07,806 - report.normalization - WARNING - Статус 'перенесен' не распознан
2026-08-02 02:33:07,806 - report.normalization - WARNING - Статус 'новый' не распознан
2026-08-02 02:33:07,806 - report.normalization - WARNING - Статус 'перенесен' не распознан
2026-08-02 02:33:07,806 - report.validation - WARNING - Строка 102 (ID=ORD-100101) исключена из-за 1 ошибок
2026-08-02 02:33:07,806 - report.normalization - WARNING - Статус 'новый' не распознан
2026-08-02 02:33:07,806 - report.normalization - WARNING - Статус 'новый' не распознан
2026-08-02 02:33:07,807 - report.normalization - WARNING - Статус 'перенесен' не распознан
2026-08-02 02:33:07,807 - report.normalization - WARNING - Статус 'новый' не распознан
2026-08-02 02:33:07,807 - report.normalization - WARNING - Статус 'в работе' не распознан
2026-08-02 02:33:07,807 - report.normalization - WARNING - Статус 'новый' не распознан
2026-08-02 02:33:07,807 - report.normalization - WARNING - Статус 'новый' не распознан
2026-08-02 02:33:07,807 - report.normalization - WARNING - Статус 'в работе' не распознан
2026-08-02 02:33:07,807 - report.normalization - WARNING - Статус 'в работе' не распознан
2026-08-02 02:33:07,807 - report.normalization - WARNING - Статус 'перенесен' не распознан
2026-08-02 02:33:07,807 - report.normalization - WARNING - Статус 'новый' не распознан
2026-08-02 02:33:07,807 - report.normalization - WARNING - Сумма 'abc' не содержит цифр
2026-08-02 02:33:07,808 - report.normalization - WARNING - Статус 'в работе' не распознан
2026-08-02 02:33:07,808 - report.normalization - WARNING - Статус 'перенесен' не распознан
2026-08-02 02:33:07,808 - report.validation - WARNING - Строка 144 (ID=ORD-100143) исключена из-за 1 ошибок
2026-08-02 02:33:07,808 - report.normalization - WARNING - Статус 'новый' не распознан
2026-08-02 02:33:07,808 - report.normalization - WARNING - Статус 'в работе' не распознан
2026-08-02 02:33:07,808 - report.normalization - WARNING - Статус 'в работе' не распознан
2026-08-02 02:33:07,808 - report.normalization - WARNING - Статус 'перенесен' не распознан
2026-08-02 02:33:07,809 - report.normalization - WARNING - Статус 'в работе' не распознан
2026-08-02 02:33:07,809 - report.normalization - WARNING - Статус 'новый' не распознан
2026-08-02 02:33:07,809 - report.normalization - WARNING - Статус 'новый' не распознан
2026-08-02 02:33:07,809 - report.normalization - WARNING - Статус 'в работе' не распознан
2026-08-02 02:33:07,809 - report.normalization - WARNING - Статус 'новый' не распознан
2026-08-02 02:33:07,809 - report.normalization - WARNING - Статус 'новый' не распознан
2026-08-02 02:33:07,809 - report.normalization - WARNING - Статус 'перенесен' не распознан
2026-08-02 02:33:07,810 - report.normalization - WARNING - Статус 'новый' не распознан
2026-08-02 02:33:07,810 - report.normalization - WARNING - Сумма 'не указано' не содержит цифр
2026-08-02 02:33:07,810 - report.validation - WARNING - Строка 194 (ID=ORD-100193) исключена из-за 1 ошибок
2026-08-02 02:33:07,810 - report.normalization - WARNING - Статус 'перенесен' не распознан
2026-08-02 02:33:07,810 - report.normalization - WARNING - Статус 'в работе' не распознан
2026-08-02 02:33:07,810 - report.normalization - WARNING - Статус 'новый' не распознан
2026-08-02 02:33:07,811 - report.normalization - WARNING - Статус 'перенесен' не распознан
2026-08-02 02:33:07,813 - report.normalization - WARNING - Статус 'в работе' не распознан
2026-08-02 02:33:07,813 - report.normalization - WARNING - Сумма 'три тысячи' не содержит цифр
2026-08-02 02:33:07,813 - report.normalization - WARNING - Сумма '' не содержит цифр
2026-08-02 02:33:07,813 - report.validation - WARNING - Строка 209 (ID=ORD-100208) исключена из-за 1 ошибок
2026-08-02 02:33:07,813 - report.normalization - WARNING - Статус 'в работе' не распознан
2026-08-02 02:33:07,813 - report.normalization - WARNING - Статус 'перенесен' не распознан
2026-08-02 02:33:07,813 - report.normalization - WARNING - Статус 'в работе' не распознан
2026-08-02 02:33:07,813 - report.normalization - WARNING - Статус 'перенесен' не распознан
2026-08-02 02:33:07,813 - report.normalization - WARNING - Статус 'в работе' не распознан
2026-08-02 02:33:07,814 - report.normalization - WARNING - Статус 'в работе' не распознан
2026-08-02 02:33:07,814 - report.validation - WARNING - Строка 226 (ID=ORD-100225) исключена из-за 1 ошибок
2026-08-02 02:33:07,814 - report.normalization - WARNING - Статус 'в работе' не распознан
2026-08-02 02:33:07,816 - report.normalization - WARNING - Не удалось распарсить дату: '32.05.2026'
2026-08-02 02:33:07,816 - report.validation - WARNING - Строка 229 (ID=ORD-100228) исключена из-за 1 ошибок
2026-08-02 02:33:07,816 - report.normalization - WARNING - Статус 'новый' не распознан
2026-08-02 02:33:07,816 - report.normalization - WARNING - Статус 'новый' не распознан
2026-08-02 02:33:07,817 - report.normalization - WARNING - Статус 'завершено?' не распознан
2026-08-02 02:33:07,817 - report.normalization - WARNING - Сумма '' не содержит цифр
2026-08-02 02:33:07,817 - report.validation - WARNING - Строка 237 (ID=ORD-100236) исключена из-за 1 ошибок
2026-08-02 02:33:07,817 - report.normalization - WARNING - Статус 'перенесен' не распознан
2026-08-02 02:33:07,817 - report.normalization - WARNING - Статус 'в работе' не распознан
2026-08-02 02:33:07,817 - report.normalization - WARNING - Статус 'новый' не распознан
2026-08-02 02:33:07,817 - report.normalization - WARNING - Статус 'новый' не распознан
2026-08-02 02:33:07,817 - report.normalization - WARNING - Статус 'в работе' не распознан
2026-08-02 02:33:07,817 - report.normalization - WARNING - Статус 'новый' не распознан
2026-08-02 02:33:07,818 - report.normalization - WARNING - Статус 'перенесен' не распознан
2026-08-02 02:33:07,818 - report.normalization - WARNING - Статус 'новый' не распознан
2026-08-02 02:33:07,818 - report.normalization - WARNING - Статус 'перенесен' не распознан
2026-08-02 02:33:07,818 - report.normalization - WARNING - Статус 'в работе' не распознан
2026-08-02 02:33:07,818 - report.normalization - WARNING - Статус 'в работе' не распознан
2026-08-02 02:33:07,818 - report.normalization - WARNING - Статус 'в работе' не распознан
2026-08-02 02:33:07,818 - report.normalization - WARNING - Статус 'в работе' не распознан
2026-08-02 02:33:07,818 - report.normalization - WARNING - Статус 'в работе' не распознан
2026-08-02 02:33:07,818 - report.normalization - WARNING - Статус 'перенесен' не распознан
2026-08-02 02:33:07,819 - report.normalization - WARNING - Статус 'в работе' не распознан
2026-08-02 02:33:07,819 - report.validation - WARNING - Строка 292 (ID=ORD-100291) исключена из-за 1 ошибок
2026-08-02 02:33:07,819 - report.normalization - WARNING - Статус 'в работе' не распознан
2026-08-02 02:33:07,819 - report.validation - WARNING - Строка 302: дубликат ID заказа 'ORD-100050'
2026-08-02 02:33:07,819 - report.validation - WARNING - Строка 302 (ID=ORD-100050) исключена из-за 1 ошибок
2026-08-02 02:33:07,819 - report.normalization - WARNING - Статус 'в работе' не распознан
2026-08-02 02:33:07,819 - report.normalization - WARNING - Статус 'новый' не распознан
2026-08-02 02:33:07,819 - report.normalization - WARNING - Статус 'перенесен' не распознан
2026-08-02 02:33:07,819 - report.normalization - WARNING - Сумма 'три тысячи' не содержит цифр
2026-08-02 02:33:07,819 - report.normalization - WARNING - Статус 'перенесен' не распознан
2026-08-02 02:33:07,819 - report.normalization - WARNING - Статус 'новый' не распознан
2026-08-02 02:33:07,820 - report.normalization - WARNING - Статус 'перенесен' не распознан
2026-08-02 02:33:07,820 - report.normalization - WARNING - Статус 'перенесен' не распознан
2026-08-02 02:33:07,820 - report.normalization - WARNING - Статус 'новый' не распознан
2026-08-02 02:33:07,820 - report.normalization - WARNING - Статус 'в работе' не распознан
2026-08-02 02:33:07,820 - report.normalization - WARNING - Статус 'перенесен' не распознан
2026-08-02 02:33:07,820 - report.normalization - WARNING - Статус 'новый' не распознан
2026-08-02 02:33:07,821 - report.normalization - WARNING - Статус 'в работе' не распознан
2026-08-02 02:33:07,821 - report.normalization - WARNING - Статус 'новый' не распознан
2026-08-02 02:33:07,821 - report.normalization - WARNING - Статус 'в работе' не распознан
2026-08-02 02:33:07,821 - report.normalization - WARNING - Статус 'перенесен' не распознан
2026-08-02 02:33:07,821 - report.validation - WARNING - Строка 350 (ID=ORD-100349) исключена из-за 1 ошибок
2026-08-02 02:33:07,821 - report.normalization - WARNING - Статус 'в работе' не распознан
2026-08-02 02:33:07,821 - report.normalization - WARNING - Статус 'перенесен' не распознан
2026-08-02 02:33:07,821 - report.normalization - WARNING - Статус 'в работе' не распознан
2026-08-02 02:33:07,821 - report.validation - WARNING - Строка 363 (ID=ORD-100362) исключена из-за 1 ошибок
2026-08-02 02:33:07,821 - report.normalization - WARNING - Статус 'перенесен' не распознан
2026-08-02 02:33:07,822 - report.normalization - WARNING - Статус 'перенесен' не распознан
2026-08-02 02:33:07,822 - report.normalization - WARNING - Статус 'в работе' не распознан
2026-08-02 02:33:07,822 - report.normalization - WARNING - Статус 'в работе' не распознан
2026-08-02 02:33:07,822 - report.normalization - WARNING - Статус 'перенесен' не распознан
2026-08-02 02:33:07,822 - report.normalization - WARNING - Статус 'новый' не распознан
2026-08-02 02:33:07,822 - report.normalization - WARNING - Статус 'в работе' не распознан
2026-08-02 02:33:07,822 - report.normalization - WARNING - Статус 'новый' не распознан
2026-08-02 02:33:07,822 - report.normalization - WARNING - Статус 'в работе' не распознан
2026-08-02 02:33:07,822 - report.normalization - WARNING - Статус 'новый' не распознан
2026-08-02 02:33:07,822 - report.normalization - WARNING - Статус 'в работе' не распознан
2026-08-02 02:33:07,823 - report.normalization - WARNING - Статус 'перенесен' не распознан
2026-08-02 02:33:07,823 - report.validation - WARNING - Строка 399 (ID=ORD-100398) исключена из-за 1 ошибок
2026-08-02 02:33:07,823 - report.normalization - WARNING - Статус 'перенесен' не распознан
2026-08-02 02:33:07,823 - report.normalization - WARNING - Статус 'в работе' не распознан
2026-08-02 02:33:07,823 - report.normalization - WARNING - Статус 'в работе' не распознан
2026-08-02 02:33:07,823 - report.normalization - WARNING - Статус 'новый' не распознан
2026-08-02 02:33:07,823 - report.normalization - WARNING - Статус 'в работе' не распознан
2026-08-02 02:33:07,823 - report.normalization - WARNING - Статус 'перенесен' не распознан
2026-08-02 02:33:07,823 - report.normalization - WARNING - Статус 'в работе' не распознан
2026-08-02 02:33:07,823 - report.normalization - WARNING - Статус 'новый' не распознан
2026-08-02 02:33:07,823 - report.normalization - WARNING - Статус 'завершено?' не распознан
2026-08-02 02:33:07,823 - report.normalization - WARNING - Статус 'новый' не распознан
2026-08-02 02:33:07,824 - report.normalization - WARNING - Статус 'новый' не распознан
2026-08-02 02:33:07,824 - report.normalization - WARNING - Статус 'в работе' не распознан
2026-08-02 02:33:07,824 - report.normalization - WARNING - Статус 'в работе' не распознан
2026-08-02 02:33:07,824 - report.normalization - WARNING - Статус 'новый' не распознан
2026-08-02 02:33:07,824 - report.normalization - WARNING - Статус 'новый' не распознан
2026-08-02 02:33:07,824 - report.normalization - WARNING - Статус 'новый' не распознан
2026-08-02 02:33:07,824 - report.normalization - WARNING - Статус 'в работе' не распознан
2026-08-02 02:33:07,824 - report.normalization - WARNING - Сумма 'abc' не содержит цифр
2026-08-02 02:33:07,824 - report.normalization - WARNING - Статус 'в работе' не распознан
2026-08-02 02:33:07,824 - report.normalization - WARNING - Статус 'в работе' не распознан
2026-08-02 02:33:07,824 - report.normalization - WARNING - Статус 'в работе' не распознан
2026-08-02 02:33:07,825 - report.normalization - WARNING - Статус 'в работе' не распознан
2026-08-02 02:33:07,825 - report.normalization - WARNING - Статус 'новый' не распознан
2026-08-02 02:33:07,825 - report.normalization - WARNING - Статус 'в работе' не распознан
2026-08-02 02:33:07,825 - report.normalization - WARNING - Не удалось распарсить дату: '32.05.2026'
2026-08-02 02:33:07,825 - report.validation - WARNING - Строка 453 (ID=ORD-100452) исключена из-за 1 ошибок
2026-08-02 02:33:07,825 - report.normalization - WARNING - Статус 'новый' не распознан
2026-08-02 02:33:07,825 - report.normalization - WARNING - Статус 'в работе' не распознан
2026-08-02 02:33:07,825 - report.normalization - WARNING - Статус 'в работе' не распознан
2026-08-02 02:33:07,825 - report.normalization - WARNING - Статус 'перенесен' не распознан
2026-08-02 02:33:07,826 - report.normalization - WARNING - Статус 'новый' не распознан
2026-08-02 02:33:07,826 - report.normalization - WARNING - Статус 'в работе' не распознан
2026-08-02 02:33:07,826 - report.normalization - WARNING - Статус 'новый' не распознан
2026-08-02 02:33:07,826 - report.normalization - WARNING - Статус 'в работе' не распознан
2026-08-02 02:33:07,826 - report.normalization - WARNING - Статус 'в работе' не распознан
2026-08-02 02:33:07,826 - report.normalization - WARNING - Статус 'новый' не распознан
2026-08-02 02:33:07,826 - report.normalization - WARNING - Статус 'перенесен' не распознан
2026-08-02 02:33:07,826 - report.normalization - WARNING - Статус 'новый' не распознан
2026-08-02 02:33:07,827 - report.normalization - WARNING - Статус 'в работе' не распознан
2026-08-02 02:33:07,827 - report.normalization - WARNING - Статус 'перенесен' не распознан
2026-08-02 02:33:07,827 - report.normalization - WARNING - Статус 'перенесен' не распознан
2026-08-02 02:33:07,827 - report.normalization - WARNING - Статус 'в работе' не распознан
2026-08-02 02:33:07,828 - report.normalization - WARNING - Статус 'перенесен' не распознан
2026-08-02 02:33:07,828 - report.normalization - WARNING - Статус 'перенесен' не распознан
2026-08-02 02:33:07,829 - report.normalization - WARNING - Статус 'перенесен' не распознан
2026-08-02 02:33:07,829 - report.normalization - WARNING - Статус 'перенесен' не распознан
2026-08-02 02:33:07,829 - report.validation - WARNING - Строка 508: дубликат ID заказа 'ORD-100074'
2026-08-02 02:33:07,829 - report.validation - WARNING - Строка 508 (ID=ORD-100074) исключена из-за 1 ошибок
2026-08-02 02:33:07,829 - report.normalization - WARNING - Статус 'перенесен' не распознан
2026-08-02 02:33:07,830 - report.normalization - INFO - Город 'Новоросийск' исправлен на 'Новороссийск' (score=96)
2026-08-02 02:33:07,830 - report.normalization - WARNING - Статус 'перенесен' не распознан
2026-08-02 02:33:07,830 - report.normalization - WARNING - Статус 'перенесен' не распознан
2026-08-02 02:33:07,830 - report.normalization - INFO - Город 'Новоросийск' исправлен на 'Новороссийск' (score=96)
2026-08-02 02:33:07,831 - report.normalization - WARNING - Статус 'перенесен' не распознан
2026-08-02 02:33:07,831 - report.normalization - WARNING - Статус 'в работе' не распознан
2026-08-02 02:33:07,831 - report.normalization - WARNING - Статус 'новый' не распознан
2026-08-02 02:33:07,831 - report.normalization - WARNING - Статус 'в работе' не распознан
2026-08-02 02:33:07,831 - report.normalization - WARNING - Статус 'в работе' не распознан
2026-08-02 02:33:07,831 - report.normalization - WARNING - Статус 'перенесен' не распознан
2026-08-02 02:33:07,831 - report.normalization - WARNING - Статус 'перенесен' не распознан
2026-08-02 02:33:07,832 - report.normalization - WARNING - Статус 'в работе' не распознан
2026-08-02 02:33:07,832 - report.normalization - WARNING - Статус 'в работе' не распознан
2026-08-02 02:33:07,832 - report.normalization - WARNING - Статус 'в работе' не распознан
2026-08-02 02:33:07,832 - report.normalization - WARNING - Статус 'в работе' не распознан
2026-08-02 02:33:07,833 - report.normalization - WARNING - Не удалось распарсить дату: '32.05.2026'
2026-08-02 02:33:07,833 - report.normalization - WARNING - Статус 'в работе' не распознан
2026-08-02 02:33:07,833 - report.normalization - WARNING - Статус 'новый' не распознан
2026-08-02 02:33:07,833 - report.normalization - WARNING - Статус 'завершено?' не распознан
2026-08-02 02:33:07,834 - report.normalization - WARNING - Статус 'в работе' не распознан
2026-08-02 02:33:07,834 - report.normalization - WARNING - Статус 'в работе' не распознан
2026-08-02 02:33:07,834 - report.normalization - WARNING - Статус 'в работе' не распознан
2026-08-02 02:33:07,834 - report.normalization - WARNING - Статус 'в работе' не распознан
2026-08-02 02:33:07,834 - report.normalization - WARNING - Статус 'в работе' не распознан
2026-08-02 02:33:07,834 - report.normalization - WARNING - Статус 'в работе' не распознан
2026-08-02 02:33:07,834 - report.normalization - WARNING - Статус 'новый' не распознан
2026-08-02 02:33:07,834 - report.normalization - WARNING - Статус 'в работе' не распознан
2026-08-02 02:33:07,835 - report.normalization - WARNING - Статус 'в работе' не распознан
2026-08-02 02:33:07,835 - report.normalization - WARNING - Статус 'перенесен' не распознан
2026-08-02 02:33:07,835 - report.validation - WARNING - Строка 597 (ID=ORD-100596) исключена из-за 1 ошибок
2026-08-02 02:33:07,835 - report.normalization - WARNING - Статус 'новый' не распознан
2026-08-02 02:33:07,835 - report.normalization - WARNING - Статус 'перенесен' не распознан
2026-08-02 02:33:07,835 - report.normalization - WARNING - Статус 'в работе' не распознан
2026-08-02 02:33:07,835 - report.normalization - WARNING - Статус 'новый' не распознан
2026-08-02 02:33:07,836 - report.normalization - WARNING - Статус 'в работе' не распознан
2026-08-02 02:33:07,836 - report.normalization - WARNING - Статус 'в работе' не распознан
2026-08-02 02:33:07,836 - report.normalization - WARNING - Статус 'перенесен' не распознан
2026-08-02 02:33:07,836 - report.normalization - INFO - Город 'Новоросийск' исправлен на 'Новороссийск' (score=96)
2026-08-02 02:33:07,836 - report.normalization - WARNING - Статус 'новый' не распознан
2026-08-02 02:33:07,836 - report.normalization - WARNING - Статус 'в работе' не распознан
2026-08-02 02:33:07,837 - report.normalization - WARNING - Статус 'в работе' не распознан
2026-08-02 02:33:07,837 - report.normalization - WARNING - Не удалось распарсить дату: '00.05.2026'
2026-08-02 02:33:07,837 - report.normalization - WARNING - Статус 'в работе' не распознан
2026-08-02 02:33:07,837 - report.normalization - WARNING - Статус 'завершено?' не распознан
2026-08-02 02:33:07,838 - report.normalization - WARNING - Статус 'в работе' не распознан
2026-08-02 02:33:07,838 - report.normalization - WARNING - Статус 'перенесен' не распознан
2026-08-02 02:33:07,838 - report.normalization - WARNING - Статус 'в работе' не распознан
2026-08-02 02:33:07,838 - report.normalization - WARNING - Статус 'новый' не распознан
2026-08-02 02:33:07,838 - report.normalization - WARNING - Статус 'в работе' не распознан
2026-08-02 02:33:07,839 - report.normalization - WARNING - Статус 'в работе' не распознан
2026-08-02 02:33:07,839 - report.normalization - WARNING - Статус 'в работе' не распознан
2026-08-02 02:33:07,839 - report.validation - WARNING - Строка 647: дубликат ID заказа 'ORD-100028'
2026-08-02 02:33:07,839 - report.validation - WARNING - Строка 647 (ID=ORD-100028) исключена из-за 1 ошибок
2026-08-02 02:33:07,839 - report.normalization - WARNING - Статус 'в работе' не распознан
2026-08-02 02:33:07,840 - report.normalization - WARNING - Статус 'перенесен' не распознан
2026-08-02 02:33:07,840 - report.normalization - WARNING - Статус 'перенесен' не распознан
2026-08-02 02:33:07,840 - report.normalization - WARNING - Статус 'перенесен' не распознан
2026-08-02 02:33:07,840 - report.normalization - WARNING - Статус 'в работе' не распознан
2026-08-02 02:33:07,840 - report.normalization - WARNING - Статус 'перенесен' не распознан
2026-08-02 02:33:07,841 - report.normalization - WARNING - Статус 'в работе' не распознан
2026-08-02 02:33:07,841 - report.normalization - WARNING - Статус 'в работе' не распознан
2026-08-02 02:33:07,841 - report.normalization - WARNING - Статус 'в работе' не распознан
2026-08-02 02:33:07,841 - report.normalization - WARNING - Статус 'новый' не распознан
2026-08-02 02:33:07,841 - report.normalization - WARNING - Статус 'перенесен' не распознан
2026-08-02 02:33:07,841 - report.normalization - WARNING - Статус 'перенесен' не распознан
2026-08-02 02:33:07,842 - report.normalization - WARNING - Статус 'готово' не распознан
2026-08-02 02:33:07,843 - report.normalization - WARNING - Статус 'в работе' не распознан
2026-08-02 02:33:07,843 - report.normalization - WARNING - Статус 'в работе' не распознан
2026-08-02 02:33:07,844 - report.normalization - WARNING - Статус 'в работе' не распознан
2026-08-02 02:33:07,845 - report.normalization - WARNING - Статус 'новый' не распознан
2026-08-02 02:33:07,846 - report.normalization - WARNING - Статус 'перенесен' не распознан
2026-08-02 02:33:07,846 - report.normalization - WARNING - Статус 'перенесен' не распознан
2026-08-02 02:33:07,846 - report.normalization - WARNING - Статус 'в работе' не распознан
2026-08-02 02:33:07,846 - report.normalization - WARNING - Статус 'новый' не распознан
2026-08-02 02:33:07,847 - report.normalization - WARNING - Не удалось распарсить дату: '30.02.2026'
2026-08-02 02:33:07,847 - report.validation - WARNING - Строка 723 (ID=ORD-100722) исключена из-за 1 ошибок
2026-08-02 02:33:07,847 - report.normalization - WARNING - Статус 'новый' не распознан
2026-08-02 02:33:07,848 - report.normalization - WARNING - Не удалось распарсить дату: '31.04.2026'
2026-08-02 02:33:07,848 - report.validation - WARNING - Строка 727 (ID=ORD-100726) исключена из-за 1 ошибок
2026-08-02 02:33:07,848 - report.normalization - WARNING - Статус 'перенесен' не распознан
2026-08-02 02:33:07,848 - report.normalization - WARNING - Статус 'перенесен' не распознан
2026-08-02 02:33:07,849 - report.normalization - WARNING - Статус 'перенесен' не распознан
2026-08-02 02:33:07,849 - report.normalization - WARNING - Статус 'новый' не распознан
2026-08-02 02:33:07,850 - report.normalization - WARNING - Статус 'в работе' не распознан
2026-08-02 02:33:07,850 - report.normalization - WARNING - Статус 'в работе' не распознан
2026-08-02 02:33:07,850 - report.normalization - WARNING - Статус 'новый' не распознан
2026-08-02 02:33:07,850 - report.normalization - WARNING - Статус 'перенесен' не распознан
2026-08-02 02:33:07,851 - report.normalization - WARNING - Статус 'перенесен' не распознан
2026-08-02 02:33:07,851 - report.normalization - WARNING - Статус 'новый' не распознан
2026-08-02 02:33:07,851 - report.normalization - WARNING - Статус 'в работе' не распознан
2026-08-02 02:33:07,852 - report.normalization - WARNING - Статус 'новый' не распознан
2026-08-02 02:33:07,852 - report.normalization - WARNING - Статус 'перенесен' не распознан
2026-08-02 02:33:07,853 - report.normalization - WARNING - Статус 'перенесен' не распознан
2026-08-02 02:33:07,854 - report.normalization - WARNING - Статус 'перенесен' не распознан
2026-08-02 02:33:07,855 - report.normalization - WARNING - Статус 'перенесен' не распознан
2026-08-02 02:33:07,855 - report.normalization - WARNING - Статус 'перенесен' не распознан
2026-08-02 02:33:07,855 - report.normalization - INFO - Город 'Ростов на Дону' исправлен на 'Ростов-на-Дону' (score=100)
2026-08-02 02:33:07,855 - report.normalization - WARNING - Статус 'новый' не распознан
2026-08-02 02:33:07,856 - report.normalization - WARNING - Статус 'новый' не распознан
2026-08-02 02:33:07,856 - report.normalization - WARNING - Статус 'в работе' не распознан
2026-08-02 02:33:07,856 - report.normalization - INFO - Город 'Новоросийск' исправлен на 'Новороссийск' (score=96)
2026-08-02 02:33:07,856 - report.normalization - WARNING - Статус 'перенесен' не распознан
2026-08-02 02:33:07,856 - report.normalization - WARNING - Статус 'в работе' не распознан
2026-08-02 02:33:07,857 - report.normalization - WARNING - Статус 'новый' не распознан
2026-08-02 02:33:07,857 - report.normalization - WARNING - Статус 'в работе' не распознан
2026-08-02 02:33:07,857 - report.normalization - WARNING - Статус 'в работе' не распознан
2026-08-02 02:33:07,857 - report.normalization - WARNING - Статус 'в работе' не распознан
2026-08-02 02:33:07,858 - report.normalization - WARNING - Статус 'в работе' не распознан
2026-08-02 02:33:07,858 - report.normalization - WARNING - Статус 'новый' не распознан
2026-08-02 02:33:07,858 - report.normalization - WARNING - Статус 'новый' не распознан
2026-08-02 02:33:07,858 - report.normalization - WARNING - Статус 'новый' не распознан
2026-08-02 02:33:07,859 - report.normalization - WARNING - Статус 'в работе' не распознан
2026-08-02 02:33:07,859 - report.normalization - WARNING - Статус 'новый' не распознан
2026-08-02 02:33:07,859 - report.normalization - WARNING - Статус 'в работе' не распознан
2026-08-02 02:33:07,859 - report.normalization - WARNING - Статус 'в работе' не распознан
2026-08-02 02:33:07,860 - report.normalization - WARNING - Статус 'новый' не распознан
2026-08-02 02:33:07,860 - report.normalization - WARNING - Статус 'перенесен' не распознан
2026-08-02 02:33:07,860 - report.validation - WARNING - Строка 878 (ID=ORD-100877) исключена из-за 1 ошибок
2026-08-02 02:33:07,861 - report.normalization - WARNING - Статус 'в работе' не распознан
2026-08-02 02:33:07,861 - report.normalization - WARNING - Не удалось распарсить дату: '00.05.2026'
2026-08-02 02:33:07,862 - report.validation - WARNING - Строка 889 (ID=ORD-100888) исключена из-за 1 ошибок
2026-08-02 02:33:07,862 - report.normalization - WARNING - Статус 'в работе' не распознан
2026-08-02 02:33:07,862 - report.normalization - WARNING - Статус 'новый' не распознан
2026-08-02 02:33:07,862 - report.normalization - WARNING - Статус 'в работе' не распознан
2026-08-02 02:33:07,862 - report.normalization - WARNING - Статус 'перенесен' не распознан
2026-08-02 02:33:07,862 - report.normalization - WARNING - Статус 'в работе' не распознан
2026-08-02 02:33:07,862 - report.normalization - WARNING - Статус 'перенесен' не распознан
2026-08-02 02:33:07,863 - report.normalization - WARNING - Статус 'новый' не распознан
2026-08-02 02:33:07,863 - report.normalization - WARNING - Статус 'в работе' не распознан
2026-08-02 02:33:07,863 - report.normalization - WARNING - Статус 'новый' не распознан
2026-08-02 02:33:07,863 - report.normalization - WARNING - Статус 'новый' не распознан
2026-08-02 02:33:07,863 - report.normalization - WARNING - Статус 'в работе' не распознан
2026-08-02 02:33:07,864 - report.normalization - WARNING - Статус 'в работе' не распознан
2026-08-02 02:33:07,864 - report.normalization - WARNING - Статус 'новый' не распознан
2026-08-02 02:33:07,864 - report.normalization - WARNING - Статус 'новый' не распознан
2026-08-02 02:33:07,864 - report.normalization - WARNING - Статус 'перенесен' не распознан
2026-08-02 02:33:07,865 - report.normalization - WARNING - Статус 'перенесен' не распознан
2026-08-02 02:33:07,865 - report.normalization - WARNING - Статус 'новый' не распознан
2026-08-02 02:33:07,865 - report.normalization - WARNING - Статус 'новый' не распознан
2026-08-02 02:33:07,865 - report.normalization - WARNING - Статус 'в работе' не распознан
2026-08-02 02:33:07,865 - report.normalization - WARNING - Статус 'перенесен' не распознан
2026-08-02 02:33:07,866 - report.normalization - WARNING - Статус 'в работе' не распознан
2026-08-02 02:33:07,866 - report.normalization - WARNING - Статус 'в работе' не распознан
2026-08-02 02:33:07,866 - report.normalization - WARNING - Статус 'перенесен' не распознан
2026-08-02 02:33:07,866 - report.normalization - WARNING - Статус 'в работе' не распознан
2026-08-02 02:33:07,866 - report.normalization - WARNING - Статус 'перенесен' не распознан
2026-08-02 02:33:07,866 - report.normalization - WARNING - Статус 'новый' не распознан
2026-08-02 02:33:07,866 - report.normalization - WARNING - Статус 'в работе' не распознан
2026-08-02 02:33:07,867 - report.normalization - WARNING - Статус 'в работе' не распознан
2026-08-02 02:33:07,867 - report.validation - WARNING - Строка 969: дубликат ID заказа 'ORD-100759'
2026-08-02 02:33:07,867 - report.validation - WARNING - Строка 969 (ID=ORD-100759) исключена из-за 1 ошибок
2026-08-02 02:33:07,867 - report.validation - WARNING - Строка 973 (ID=ORD-100972) исключена из-за 1 ошибок
2026-08-02 02:33:07,868 - report.normalization - WARNING - Статус 'перенесен' не распознан
2026-08-02 02:33:07,868 - report.normalization - WARNING - Статус 'завершено?' не распознан
2026-08-02 02:33:07,868 - report.normalization - WARNING - Статус 'новый' не распознан
2026-08-02 02:33:07,868 - report.normalization - WARNING - Статус 'перенесен' не распознан
2026-08-02 02:33:07,868 - report.normalization - WARNING - Статус 'новый' не распознан
2026-08-02 02:33:07,869 - report.normalization - INFO - Город 'Ростов на Дону' исправлен на 'Ростов-на-Дону' (score=100)
2026-08-02 02:33:07,869 - report.normalization - WARNING - Статус 'в работе' не распознан
2026-08-02 02:33:07,869 - report.normalization - WARNING - Статус 'новый' не распознан
2026-08-02 02:33:07,869 - report.normalization - WARNING - Статус 'перенесен' не распознан
2026-08-02 02:33:07,869 - report.normalization - WARNING - Статус 'новый' не распознан
2026-08-02 02:33:07,870 - report.normalization - WARNING - Не удалось распарсить дату: '31.04.2026'
2026-08-02 02:33:07,870 - report.validation - WARNING - Строка 1002 (ID=ORD-101001) исключена из-за 1 ошибок
2026-08-02 02:33:07,870 - report.normalization - WARNING - Статус 'завершено?' не распознан
2026-08-02 02:33:07,872 - report.normalization - WARNING - Не удалось распарсить дату: '31.04.2026'
2026-08-02 02:33:07,872 - report.validation - WARNING - Строка 1012 (ID=ORD-101011) исключена из-за 1 ошибок
2026-08-02 02:33:07,872 - report.normalization - WARNING - Статус 'в работе' не распознан
2026-08-02 02:33:07,872 - report.normalization - WARNING - Статус 'в работе' не распознан
2026-08-02 02:33:07,872 - report.normalization - WARNING - Статус 'в работе' не распознан
2026-08-02 02:33:07,873 - report.normalization - WARNING - Статус 'перенесен' не распознан
2026-08-02 02:33:07,873 - report.normalization - WARNING - Статус 'новый' не распознан
2026-08-02 02:33:07,873 - report.normalization - WARNING - Статус 'перенесен' не распознан
2026-08-02 02:33:07,873 - report.normalization - WARNING - Статус 'в работе' не распознан
2026-08-02 02:33:07,873 - report.validation - WARNING - Строка 1032 (ID=ORD-101031) исключена из-за 1 ошибок
2026-08-02 02:33:07,873 - report.normalization - WARNING - Статус 'в работе' не распознан
2026-08-02 02:33:07,873 - report.normalization - WARNING - Статус 'перенесен' не распознан
2026-08-02 02:33:07,874 - report.normalization - WARNING - Статус 'в работе' не распознан
2026-08-02 02:33:07,874 - report.normalization - WARNING - Статус 'перенесен' не распознан
2026-08-02 02:33:07,874 - report.normalization - WARNING - Статус 'в работе' не распознан
2026-08-02 02:33:07,874 - report.normalization - WARNING - Статус 'новый' не распознан
2026-08-02 02:33:07,874 - report.normalization - WARNING - Статус 'перенесен' не распознан
2026-08-02 02:33:07,875 - report.normalization - WARNING - Статус 'в работе' не распознан
2026-08-02 02:33:07,875 - report.normalization - WARNING - Статус 'перенесен' не распознан
2026-08-02 02:33:07,875 - report.normalization - WARNING - Статус 'перенесен' не распознан
2026-08-02 02:33:07,875 - report.normalization - WARNING - Статус 'перенесен' не распознан
2026-08-02 02:33:07,875 - report.validation - WARNING - Строка 1065 (ID=ORD-101064) исключена из-за 1 ошибок
2026-08-02 02:33:07,875 - report.normalization - WARNING - Статус 'перенесен' не распознан
2026-08-02 02:33:07,876 - report.normalization - WARNING - Статус 'новый' не распознан
2026-08-02 02:33:07,876 - report.normalization - WARNING - Статус 'перенесен' не распознан
2026-08-02 02:33:07,876 - report.normalization - WARNING - Статус 'в работе' не распознан
2026-08-02 02:33:07,877 - report.normalization - WARNING - Статус 'в работе' не распознан
2026-08-02 02:33:07,877 - report.normalization - WARNING - Статус 'перенесен' не распознан
2026-08-02 02:33:07,877 - report.normalization - WARNING - Не удалось распарсить дату: '00.05.2026'
2026-08-02 02:33:07,877 - report.validation - WARNING - Строка 1086 (ID=ORD-101085) исключена из-за 1 ошибок
2026-08-02 02:33:07,878 - report.validation - WARNING - Строка 1091 (ID=ORD-101090) исключена из-за 1 ошибок
2026-08-02 02:33:07,878 - report.normalization - WARNING - Статус 'перенесен' не распознан
2026-08-02 02:33:07,879 - report.normalization - WARNING - Статус 'новый' не распознан
2026-08-02 02:33:07,879 - report.normalization - WARNING - Статус 'перенесен' не распознан
2026-08-02 02:33:07,879 - report.normalization - WARNING - Статус 'новый' не распознан
2026-08-02 02:33:07,879 - report.normalization - WARNING - Статус 'в работе' не распознан
2026-08-02 02:33:07,879 - report.normalization - WARNING - Статус 'в работе' не распознан
2026-08-02 02:33:07,879 - report.normalization - WARNING - Статус 'в работе' не распознан
2026-08-02 02:33:07,880 - report.normalization - WARNING - Статус 'в работе' не распознан
2026-08-02 02:33:07,880 - report.normalization - INFO - Город 'Краснадар' исправлен на 'Краснодар' (score=89)
2026-08-02 02:33:07,880 - report.normalization - WARNING - Статус 'в работе' не распознан
2026-08-02 02:33:07,880 - report.normalization - WARNING - Статус 'в работе' не распознан
2026-08-02 02:33:07,881 - report.normalization - WARNING - Статус 'новый' не распознан
2026-08-02 02:33:07,881 - report.normalization - WARNING - Статус 'в работе' не распознан
2026-08-02 02:33:07,881 - report.normalization - WARNING - Статус 'в работе' не распознан
2026-08-02 02:33:07,882 - report.normalization - WARNING - Статус 'новый' не распознан
2026-08-02 02:33:07,882 - report.normalization - WARNING - Статус 'в работе' не распознан
2026-08-02 02:33:07,882 - report.normalization - WARNING - Статус 'в работе' не распознан
2026-08-02 02:33:07,882 - report.normalization - WARNING - Статус 'перенесен' не распознан
2026-08-02 02:33:07,882 - report.normalization - WARNING - Статус 'перенесен' не распознан
2026-08-02 02:33:07,882 - report.normalization - WARNING - Статус 'в работе' не распознан
2026-08-02 02:33:07,882 - report.normalization - WARNING - Статус 'в работе' не распознан
2026-08-02 02:33:07,882 - report.normalization - WARNING - Статус 'новый' не распознан
2026-08-02 02:33:07,882 - report.normalization - WARNING - Статус 'перенесен' не распознан
2026-08-02 02:33:07,883 - report.normalization - WARNING - Статус 'новый' не распознан
2026-08-02 02:33:07,883 - report.normalization - WARNING - Статус 'перенесен' не распознан
2026-08-02 02:33:07,883 - report.normalization - WARNING - Статус 'новый' не распознан
2026-08-02 02:33:07,883 - report.normalization - WARNING - Статус 'в работе' не распознан
2026-08-02 02:33:07,884 - report.normalization - WARNING - Статус 'новый' не распознан
2026-08-02 02:33:07,884 - report.normalization - WARNING - Статус 'новый' не распознан
2026-08-02 02:33:07,884 - report.normalization - WARNING - Статус 'в работе' не распознан
2026-08-02 02:33:07,884 - report.normalization - WARNING - Статус 'перенесен' не распознан
2026-08-02 02:33:07,885 - report.normalization - INFO - Город 'анапа' исправлен на 'Анапа' (score=100)
2026-08-02 02:33:07,885 - report.normalization - WARNING - Статус 'в работе' не распознан
2026-08-02 02:33:07,885 - report.validation - INFO - Валидация завершена: 812 валидных заказов, 29 ошибок
2026-08-02 02:33:07,885 - report.report_build - INFO - Валидация завершена. Успешных заказов: 812, ошибок: 29
2026-08-02 02:33:07,907 - report.report_build - INFO - Отчёт сохранён в reports/report_Тестовое_задание.xlsx
2026-08-02 02:33:07,907 - main - INFO - Отчёт создан: report_Тестовое_задание.xlsx
2026-08-02 09:33:51,648 - routers.report - INFO - Загружен файл: Тестовое_задание.xlsx
2026-08-02 09:33:51,650 - report.report_build - INFO - Загрузка файла uploads/Тестовое_задание.xlsx
2026-08-02 09:33:51,650 - report.handler - INFO - Чтение файла 'uploads/Тестовое_задание.xlsx', лист 'Заказы_сырье'
2026-08-02 09:33:51,695 - report.handler - INFO - Прочитано 1200 строк
2026-08-02 09:33:51,695 - report.report_build - INFO - Прочитано 1200 строк
2026-08-02 09:33:51,695 - report.validation - INFO - Начинаем валидацию 1200 строк
2026-08-02 09:33:51,699 - report.normalization - WARNING - Статус 'перенесен' не распознан
2026-08-02 09:33:51,699 - report.normalization - WARNING - Статус 'в работе' не распознан
2026-08-02 09:33:51,699 - report.normalization - WARNING - Статус 'новый' не распознан
2026-08-02 09:33:51,699 - report.normalization - WARNING - Статус 'в работе' не распознан
2026-08-02 09:33:51,699 - report.normalization - WARNING - Статус 'новый' не распознан
2026-08-02 09:33:51,699 - report.normalization - WARNING - Статус 'перенесен' не распознан
2026-08-02 09:33:51,699 - report.normalization - WARNING - Статус 'в работе' не распознан
2026-08-02 09:33:51,699 - report.normalization - WARNING - Статус 'новый' не распознан
2026-08-02 09:33:51,699 - report.validation - WARNING - Строка 29 (ID=ORD-100028) исключена из-за 1 ошибок
2026-08-02 09:33:51,699 - report.normalization - WARNING - Статус 'в работе' не распознан
2026-08-02 09:33:51,699 - report.normalization - WARNING - Статус 'в работе' не распознан
2026-08-02 09:33:51,699 - report.normalization - WARNING - Статус 'новый' не распознан
2026-08-02 09:33:51,699 - report.normalization - WARNING - Статус 'перенесен' не распознан
2026-08-02 09:33:51,699 - report.normalization - WARNING - Статус 'перенесен' не распознан
2026-08-02 09:33:51,699 - report.normalization - WARNING - Статус 'перенесен' не распознан
2026-08-02 09:33:51,699 - report.normalization - WARNING - Статус 'новый' не распознан
2026-08-02 09:33:51,700 - report.normalization - WARNING - Статус 'в работе' не распознан
2026-08-02 09:33:51,700 - report.normalization - WARNING - Статус 'перенесен' не распознан
2026-08-02 09:33:51,700 - report.normalization - WARNING - Статус 'в работе' не распознан
2026-08-02 09:33:51,700 - report.normalization - WARNING - Статус 'в работе' не распознан
2026-08-02 09:33:51,700 - report.normalization - WARNING - Статус 'новый' не распознан
2026-08-02 09:33:51,700 - report.normalization - WARNING - Статус 'в работе' не распознан
2026-08-02 09:33:51,700 - report.normalization - WARNING - Статус 'новый' не распознан
2026-08-02 09:33:51,700 - report.normalization - INFO - Город 'анапа' исправлен на 'Анапа' (score=100)
2026-08-02 09:33:51,700 - report.normalization - WARNING - Статус 'в работе' не распознан
2026-08-02 09:33:51,700 - report.normalization - WARNING - Статус 'новый' не распознан
2026-08-02 09:33:51,700 - report.normalization - WARNING - Статус 'в работе' не распознан
2026-08-02 09:33:51,700 - report.normalization - WARNING - Статус 'перенесен' не распознан
2026-08-02 09:33:51,700 - report.normalization - WARNING - Статус 'в работе' не распознан
2026-08-02 09:33:51,700 - report.normalization - WARNING - Статус 'перенесен' не распознан
2026-08-02 09:33:51,700 - report.normalization - WARNING - Сумма 'не указано' не содержит цифр
2026-08-02 09:33:51,700 - report.normalization - WARNING - Статус 'перенесен' не распознан
2026-08-02 09:33:51,700 - report.normalization - WARNING - Статус 'новый' не распознан
2026-08-02 09:33:51,700 - report.normalization - WARNING - Статус 'перенесен' не распознан
2026-08-02 09:33:51,701 - report.validation - WARNING - Строка 102 (ID=ORD-100101) исключена из-за 1 ошибок
2026-08-02 09:33:51,701 - report.normalization - WARNING - Статус 'новый' не распознан
2026-08-02 09:33:51,701 - report.normalization - WARNING - Статус 'новый' не распознан
2026-08-02 09:33:51,701 - report.normalization - WARNING - Статус 'перенесен' не распознан
2026-08-02 09:33:51,701 - report.normalization - WARNING - Статус 'новый' не распознан
2026-08-02 09:33:51,701 - report.normalization - WARNING - Статус 'в работе' не распознан
2026-08-02 09:33:51,701 - report.normalization - WARNING - Статус 'новый' не распознан
2026-08-02 09:33:51,701 - report.normalization - WARNING - Статус 'новый' не распознан
2026-08-02 09:33:51,701 - report.normalization - WARNING - Статус 'в работе' не распознан
2026-08-02 09:33:51,701 - report.normalization - WARNING - Статус 'в работе' не распознан
2026-08-02 09:33:51,701 - report.normalization - WARNING - Статус 'перенесен' не распознан
2026-08-02 09:33:51,701 - report.normalization - WARNING - Статус 'новый' не распознан
2026-08-02 09:33:51,701 - report.normalization - WARNING - Сумма 'abc' не содержит цифр
2026-08-02 09:33:51,701 - report.normalization - WARNING - Статус 'в работе' не распознан
2026-08-02 09:33:51,701 - report.normalization - WARNING - Статус 'перенесен' не распознан
2026-08-02 09:33:51,701 - report.validation - WARNING - Строка 144 (ID=ORD-100143) исключена из-за 1 ошибок
2026-08-02 09:33:51,701 - report.normalization - WARNING - Статус 'новый' не распознан
2026-08-02 09:33:51,701 - report.normalization - WARNING - Статус 'в работе' не распознан
2026-08-02 09:33:51,702 - report.normalization - WARNING - Статус 'в работе' не распознан
2026-08-02 09:33:51,702 - report.normalization - WARNING - Статус 'перенесен' не распознан
2026-08-02 09:33:51,702 - report.normalization - WARNING - Статус 'в работе' не распознан
2026-08-02 09:33:51,702 - report.normalization - WARNING - Статус 'новый' не распознан
2026-08-02 09:33:51,702 - report.normalization - WARNING - Статус 'новый' не распознан
2026-08-02 09:33:51,702 - report.normalization - WARNING - Статус 'в работе' не распознан
2026-08-02 09:33:51,702 - report.normalization - WARNING - Статус 'новый' не распознан
2026-08-02 09:33:51,702 - report.normalization - WARNING - Статус 'новый' не распознан
2026-08-02 09:33:51,702 - report.normalization - WARNING - Статус 'перенесен' не распознан
2026-08-02 09:33:51,702 - report.normalization - WARNING - Статус 'новый' не распознан
2026-08-02 09:33:51,702 - report.normalization - WARNING - Сумма 'не указано' не содержит цифр
2026-08-02 09:33:51,702 - report.validation - WARNING - Строка 194 (ID=ORD-100193) исключена из-за 1 ошибок
2026-08-02 09:33:51,702 - report.normalization - WARNING - Статус 'перенесен' не распознан
2026-08-02 09:33:51,702 - report.normalization - WARNING - Статус 'в работе' не распознан
2026-08-02 09:33:51,702 - report.normalization - WARNING - Статус 'новый' не распознан
2026-08-02 09:33:51,702 - report.normalization - WARNING - Статус 'перенесен' не распознан
2026-08-02 09:33:51,703 - report.normalization - WARNING - Статус 'в работе' не распознан
2026-08-02 09:33:51,703 - report.normalization - WARNING - Сумма 'три тысячи' не содержит цифр
2026-08-02 09:33:51,703 - report.normalization - WARNING - Сумма '' не содержит цифр
2026-08-02 09:33:51,703 - report.validation - WARNING - Строка 209 (ID=ORD-100208) исключена из-за 1 ошибок
2026-08-02 09:33:51,703 - report.normalization - WARNING - Статус 'в работе' не распознан
2026-08-02 09:33:51,703 - report.normalization - WARNING - Статус 'перенесен' не распознан
2026-08-02 09:33:51,703 - report.normalization - WARNING - Статус 'в работе' не распознан
2026-08-02 09:33:51,703 - report.normalization - WARNING - Статус 'перенесен' не распознан
2026-08-02 09:33:51,704 - report.normalization - WARNING - Статус 'в работе' не распознан
2026-08-02 09:33:51,704 - report.normalization - WARNING - Статус 'в работе' не распознан
2026-08-02 09:33:51,704 - report.validation - WARNING - Строка 226 (ID=ORD-100225) исключена из-за 1 ошибок
2026-08-02 09:33:51,704 - report.normalization - WARNING - Статус 'в работе' не распознан
2026-08-02 09:33:51,705 - report.normalization - WARNING - Не удалось распарсить дату: '32.05.2026'
2026-08-02 09:33:51,705 - report.validation - WARNING - Строка 229 (ID=ORD-100228) исключена из-за 1 ошибок
2026-08-02 09:33:51,705 - report.normalization - WARNING - Статус 'новый' не распознан
2026-08-02 09:33:51,705 - report.normalization - WARNING - Статус 'новый' не распознан
2026-08-02 09:33:51,705 - report.normalization - WARNING - Статус 'завершено?' не распознан
2026-08-02 09:33:51,705 - report.normalization - WARNING - Сумма '' не содержит цифр
2026-08-02 09:33:51,705 - report.validation - WARNING - Строка 237 (ID=ORD-100236) исключена из-за 1 ошибок
2026-08-02 09:33:51,705 - report.normalization - WARNING - Статус 'перенесен' не распознан
2026-08-02 09:33:51,705 - report.normalization - WARNING - Статус 'в работе' не распознан
2026-08-02 09:33:51,705 - report.normalization - WARNING - Статус 'новый' не распознан
2026-08-02 09:33:51,705 - report.normalization - WARNING - Статус 'новый' не распознан
2026-08-02 09:33:51,705 - report.normalization - WARNING - Статус 'в работе' не распознан
2026-08-02 09:33:51,705 - report.normalization - WARNING - Статус 'новый' не распознан
2026-08-02 09:33:51,706 - report.normalization - WARNING - Статус 'перенесен' не распознан
2026-08-02 09:33:51,706 - report.normalization - WARNING - Статус 'новый' не распознан
2026-08-02 09:33:51,706 - report.normalization - WARNING - Статус 'перенесен' не распознан
2026-08-02 09:33:51,706 - report.normalization - WARNING - Статус 'в работе' не распознан
2026-08-02 09:33:51,706 - report.normalization - WARNING - Статус 'в работе' не распознан
2026-08-02 09:33:51,706 - report.normalization - WARNING - Статус 'в работе' не распознан
2026-08-02 09:33:51,706 - report.normalization - WARNING - Статус 'в работе' не распознан
2026-08-02 09:33:51,706 - report.normalization - WARNING - Статус 'в работе' не распознан
2026-08-02 09:33:51,706 - report.normalization - WARNING - Статус 'перенесен' не распознан
2026-08-02 09:33:51,706 - report.normalization - WARNING - Статус 'в работе' не распознан
2026-08-02 09:33:51,706 - report.validation - WARNING - Строка 292 (ID=ORD-100291) исключена из-за 1 ошибок
2026-08-02 09:33:51,706 - report.normalization - WARNING - Статус 'в работе' не распознан
2026-08-02 09:33:51,706 - report.validation - WARNING - Строка 302: дубликат ID заказа 'ORD-100050'
2026-08-02 09:33:51,706 - report.validation - WARNING - Строка 302 (ID=ORD-100050) исключена из-за 1 ошибок
2026-08-02 09:33:51,706 - report.normalization - WARNING - Статус 'в работе' не распознан
2026-08-02 09:33:51,706 - report.normalization - WARNING - Статус 'новый' не распознан
2026-08-02 09:33:51,706 - report.normalization - WARNING - Статус 'перенесен' не распознан
2026-08-02 09:33:51,706 - report.normalization - WARNING - Сумма 'три тысячи' не содержит цифр
2026-08-02 09:33:51,707 - report.normalization - WARNING - Статус 'перенесен' не распознан
2026-08-02 09:33:51,707 - report.normalization - WARNING - Статус 'новый' не распознан
2026-08-02 09:33:51,707 - report.normalization - WARNING - Статус 'перенесен' не распознан
2026-08-02 09:33:51,707 - report.normalization - WARNING - Статус 'перенесен' не распознан
2026-08-02 09:33:51,707 - report.normalization - WARNING - Статус 'новый' не распознан
2026-08-02 09:33:51,707 - report.normalization - WARNING - Статус 'в работе' не распознан
2026-08-02 09:33:51,707 - report.normalization - WARNING - Статус 'перенесен' не распознан
2026-08-02 09:33:51,707 - report.normalization - WARNING - Статус 'новый' не распознан
2026-08-02 09:33:51,707 - report.normalization - WARNING - Статус 'в работе' не распознан
2026-08-02 09:33:51,707 - report.normalization - WARNING - Статус 'новый' не распознан
2026-08-02 09:33:51,707 - report.normalization - WARNING - Статус 'в работе' не распознан
2026-08-02 09:33:51,707 - report.normalization - WARNING - Статус 'перенесен' не распознан
2026-08-02 09:33:51,707 - report.validation - WARNING - Строка 350 (ID=ORD-100349) исключена из-за 1 ошибок
2026-08-02 09:33:51,707 - report.normalization - WARNING - Статус 'в работе' не распознан
2026-08-02 09:33:51,707 - report.normalization - WARNING - Статус 'перенесен' не распознан
2026-08-02 09:33:51,707 - report.normalization - WARNING - Статус 'в работе' не распознан
2026-08-02 09:33:51,708 - report.validation - WARNING - Строка 363 (ID=ORD-100362) исключена из-за 1 ошибок
2026-08-02 09:33:51,708 - report.normalization - WARNING - Статус 'перенесен' не распознан
2026-08-02 09:33:51,708 - report.normalization - WARNING - Статус 'перенесен' не распознан
2026-08-02 09:33:51,708 - report.normalization - WARNING - Статус 'в работе' не распознан
2026-08-02 09:33:51,708 - report.normalization - WARNING - Статус 'в работе' не распознан
2026-08-02 09:33:51,708 - report.normalization - WARNING - Статус 'перенесен' не распознан
2026-08-02 09:33:51,708 - report.normalization - WARNING - Статус 'новый' не распознан
2026-08-02 09:33:51,708 - report.normalization - WARNING - Статус 'в работе' не распознан
2026-08-02 09:33:51,708 - report.normalization - WARNING - Статус 'новый' не распознан
2026-08-02 09:33:51,708 - report.normalization - WARNING - Статус 'в работе' не распознан
2026-08-02 09:33:51,708 - report.normalization - WARNING - Статус 'новый' не распознан
2026-08-02 09:33:51,708 - report.normalization - WARNING - Статус 'в работе' не распознан
2026-08-02 09:33:51,708 - report.normalization - WARNING - Статус 'перенесен' не распознан
2026-08-02 09:33:51,708 - report.validation - WARNING - Строка 399 (ID=ORD-100398) исключена из-за 1 ошибок
2026-08-02 09:33:51,708 - report.normalization - WARNING - Статус 'перенесен' не распознан
2026-08-02 09:33:51,708 - report.normalization - WARNING - Статус 'в работе' не распознан
2026-08-02 09:33:51,708 - report.normalization - WARNING - Статус 'в работе' не распознан
2026-08-02 09:33:51,708 - report.normalization - WARNING - Статус 'новый' не распознан
2026-08-02 09:33:51,708 - report.normalization - WARNING - Статус 'в работе' не распознан
2026-08-02 09:33:51,708 - report.normalization - WARNING - Статус 'перенесен' не распознан
2026-08-02 09:33:51,708 - report.normalization - WARNING - Статус 'в работе' не распознан
2026-08-02 09:33:51,709 - report.normalization - WARNING - Статус 'новый' не распознан
2026-08-02 09:33:51,709 - report.normalization - WARNING - Статус 'завершено?' не распознан
2026-08-02 09:33:51,709 - report.normalization - WARNING - Статус 'новый' не распознан
2026-08-02 09:33:51,709 - report.normalization - WARNING - Статус 'новый' не распознан
2026-08-02 09:33:51,709 - report.normalization - WARNING - Статус 'в работе' не распознан
2026-08-02 09:33:51,709 - report.normalization - WARNING - Статус 'в работе' не распознан
2026-08-02 09:33:51,709 - report.normalization - WARNING - Статус 'новый' не распознан
2026-08-02 09:33:51,709 - report.normalization - WARNING - Статус 'новый' не распознан
2026-08-02 09:33:51,709 - report.normalization - WARNING - Статус 'новый' не распознан
2026-08-02 09:33:51,709 - report.normalization - WARNING - Статус 'в работе' не распознан
2026-08-02 09:33:51,709 - report.normalization - WARNING - Сумма 'abc' не содержит цифр
2026-08-02 09:33:51,709 - report.normalization - WARNING - Статус 'в работе' не распознан
2026-08-02 09:33:51,709 - report.normalization - WARNING - Статус 'в работе' не распознан
2026-08-02 09:33:51,709 - report.normalization - WARNING - Статус 'в работе' не распознан
2026-08-02 09:33:51,709 - report.normalization - WARNING - Статус 'в работе' не распознан
2026-08-02 09:33:51,709 - report.normalization - WARNING - Статус 'новый' не распознан
2026-08-02 09:33:51,709 - report.normalization - WARNING - Статус 'в работе' не распознан
2026-08-02 09:33:51,709 - report.normalization - WARNING - Не удалось распарсить дату: '32.05.2026'
2026-08-02 09:33:51,709 - report.validation - WARNING - Строка 453 (ID=ORD-100452) исключена из-за 1 ошибок
2026-08-02 09:33:51,710 - report.normalization - WARNING - Статус 'новый' не распознан
2026-08-02 09:33:51,710 - report.normalization - WARNING - Статус 'в работе' не распознан
2026-08-02 09:33:51,710 - report.normalization - WARNING - Статус 'в работе' не распознан
2026-08-02 09:33:51,710 - report.normalization - WARNING - Статус 'перенесен' не распознан
2026-08-02 09:33:51,710 - report.normalization - WARNING - Статус 'новый' не распознан
2026-08-02 09:33:51,710 - report.normalization - WARNING - Статус 'в работе' не распознан
2026-08-02 09:33:51,710 - report.normalization - WARNING - Статус 'новый' не распознан
2026-08-02 09:33:51,710 - report.normalization - WARNING - Статус 'в работе' не распознан
2026-08-02 09:33:51,710 - report.normalization - WARNING - Статус 'в работе' не распознан
2026-08-02 09:33:51,710 - report.normalization - WARNING - Статус 'новый' не распознан
2026-08-02 09:33:51,710 - report.normalization - WARNING - Статус 'перенесен' не распознан
2026-08-02 09:33:51,710 - report.normalization - WARNING - Статус 'новый' не распознан
2026-08-02 09:33:51,710 - report.normalization - WARNING - Статус 'в работе' не распознан
2026-08-02 09:33:51,710 - report.normalization - WARNING - Статус 'перенесен' не распознан
2026-08-02 09:33:51,710 - report.normalization - WARNING - Статус 'перенесен' не распознан
2026-08-02 09:33:51,710 - report.normalization - WARNING - Статус 'в работе' не распознан
2026-08-02 09:33:51,710 - report.normalization - WARNING - Статус 'перенесен' не распознан
2026-08-02 09:33:51,710 - report.normalization - WARNING - Статус 'перенесен' не распознан
2026-08-02 09:33:51,711 - report.normalization - WARNING - Статус 'перенесен' не распознан
2026-08-02 09:33:51,711 - report.normalization - WARNING - Статус 'перенесен' не распознан
2026-08-02 09:33:51,711 - report.validation - WARNING - Строка 508: дубликат ID заказа 'ORD-100074'
2026-08-02 09:33:51,711 - report.validation - WARNING - Строка 508 (ID=ORD-100074) исключена из-за 1 ошибок
2026-08-02 09:33:51,711 - report.normalization - WARNING - Статус 'перенесен' не распознан
2026-08-02 09:33:51,711 - report.normalization - INFO - Город 'Новоросийск' исправлен на 'Новороссийск' (score=96)
2026-08-02 09:33:51,711 - report.normalization - WARNING - Статус 'перенесен' не распознан
2026-08-02 09:33:51,711 - report.normalization - WARNING - Статус 'перенесен' не распознан
2026-08-02 09:33:51,711 - report.normalization - INFO - Город 'Новоросийск' исправлен на 'Новороссийск' (score=96)
2026-08-02 09:33:51,711 - report.normalization - WARNING - Статус 'перенесен' не распознан
2026-08-02 09:33:51,711 - report.normalization - WARNING - Статус 'в работе' не распознан
2026-08-02 09:33:51,711 - report.normalization - WARNING - Статус 'новый' не распознан
2026-08-02 09:33:51,711 - report.normalization - WARNING - Статус 'в работе' не распознан
2026-08-02 09:33:51,711 - report.normalization - WARNING - Статус 'в работе' не распознан
2026-08-02 09:33:51,711 - report.normalization - WARNING - Статус 'перенесен' не распознан
2026-08-02 09:33:51,711 - report.normalization - WARNING - Статус 'перенесен' не распознан
2026-08-02 09:33:51,711 - report.normalization - WARNING - Статус 'в работе' не распознан
2026-08-02 09:33:51,711 - report.normalization - WARNING - Статус 'в работе' не распознан
2026-08-02 09:33:51,711 - report.normalization - WARNING - Статус 'в работе' не распознан
2026-08-02 09:33:51,712 - report.normalization - WARNING - Статус 'в работе' не распознан
2026-08-02 09:33:51,712 - report.normalization - WARNING - Не удалось распарсить дату: '32.05.2026'
2026-08-02 09:33:51,712 - report.normalization - WARNING - Статус 'в работе' не распознан
2026-08-02 09:33:51,712 - report.normalization - WARNING - Статус 'новый' не распознан
2026-08-02 09:33:51,712 - report.normalization - WARNING - Статус 'завершено?' не распознан
2026-08-02 09:33:51,712 - report.normalization - WARNING - Статус 'в работе' не распознан
2026-08-02 09:33:51,712 - report.normalization - WARNING - Статус 'в работе' не распознан
2026-08-02 09:33:51,712 - report.normalization - WARNING - Статус 'в работе' не распознан
2026-08-02 09:33:51,712 - report.normalization - WARNING - Статус 'в работе' не распознан
2026-08-02 09:33:51,712 - report.normalization - WARNING - Статус 'в работе' не распознан
2026-08-02 09:33:51,712 - report.normalization - WARNING - Статус 'в работе' не распознан
2026-08-02 09:33:51,712 - report.normalization - WARNING - Статус 'новый' не распознан
2026-08-02 09:33:51,712 - report.normalization - WARNING - Статус 'в работе' не распознан
2026-08-02 09:33:51,712 - report.normalization - WARNING - Статус 'в работе' не распознан
2026-08-02 09:33:51,713 - report.normalization - WARNING - Статус 'перенесен' не распознан
2026-08-02 09:33:51,713 - report.validation - WARNING - Строка 597 (ID=ORD-100596) исключена из-за 1 ошибок
2026-08-02 09:33:51,713 - report.normalization - WARNING - Статус 'новый' не распознан
2026-08-02 09:33:51,713 - report.normalization - WARNING - Статус 'перенесен' не распознан
2026-08-02 09:33:51,713 - report.normalization - WARNING - Статус 'в работе' не распознан
2026-08-02 09:33:51,713 - report.normalization - WARNING - Статус 'новый' не распознан
2026-08-02 09:33:51,713 - report.normalization - WARNING - Статус 'в работе' не распознан
2026-08-02 09:33:51,713 - report.normalization - WARNING - Статус 'в работе' не распознан
2026-08-02 09:33:51,713 - report.normalization - WARNING - Статус 'перенесен' не распознан
2026-08-02 09:33:51,713 - report.normalization - INFO - Город 'Новоросийск' исправлен на 'Новороссийск' (score=96)
2026-08-02 09:33:51,713 - report.normalization - WARNING - Статус 'новый' не распознан
2026-08-02 09:33:51,713 - report.normalization - WARNING - Статус 'в работе' не распознан
2026-08-02 09:33:51,713 - report.normalization - WARNING - Статус 'в работе' не распознан
2026-08-02 09:33:51,713 - report.normalization - WARNING - Не удалось распарсить дату: '00.05.2026'
2026-08-02 09:33:51,713 - report.normalization - WARNING - Статус 'в работе' не распознан
2026-08-02 09:33:51,713 - report.normalization - WARNING - Статус 'завершено?' не распознан
2026-08-02 09:33:51,713 - report.normalization - WARNING - Статус 'в работе' не распознан
2026-08-02 09:33:51,713 - report.normalization - WARNING - Статус 'перенесен' не распознан
2026-08-02 09:33:51,714 - report.normalization - WARNING - Статус 'в работе' не распознан
2026-08-02 09:33:51,714 - report.normalization - WARNING - Статус 'новый' не распознан
2026-08-02 09:33:51,714 - report.normalization - WARNING - Статус 'в работе' не распознан
2026-08-02 09:33:51,714 - report.normalization - WARNING - Статус 'в работе' не распознан
2026-08-02 09:33:51,714 - report.normalization - WARNING - Статус 'в работе' не распознан
2026-08-02 09:33:51,714 - report.validation - WARNING - Строка 647: дубликат ID заказа 'ORD-100028'
2026-08-02 09:33:51,714 - report.validation - WARNING - Строка 647 (ID=ORD-100028) исключена из-за 1 ошибок
2026-08-02 09:33:51,714 - report.normalization - WARNING - Статус 'в работе' не распознан
2026-08-02 09:33:51,714 - report.normalization - WARNING - Статус 'перенесен' не распознан
2026-08-02 09:33:51,714 - report.normalization - WARNING - Статус 'перенесен' не распознан
2026-08-02 09:33:51,714 - report.normalization - WARNING - Статус 'перенесен' не распознан
2026-08-02 09:33:51,714 - report.normalization - WARNING - Статус 'в работе' не распознан
2026-08-02 09:33:51,714 - report.normalization - WARNING - Статус 'перенесен' не распознан
2026-08-02 09:33:51,714 - report.normalization - WARNING - Статус 'в работе' не распознан
2026-08-02 09:33:51,714 - report.normalization - WARNING - Статус 'в работе' не распознан
2026-08-02 09:33:51,714 - report.normalization - WARNING - Статус 'в работе' не распознан
2026-08-02 09:33:51,714 - report.normalization - WARNING - Статус 'новый' не распознан
2026-08-02 09:33:51,714 - report.normalization - WARNING - Статус 'перенесен' не распознан
2026-08-02 09:33:51,714 - report.normalization - WARNING - Статус 'перенесен' не распознан
2026-08-02 09:33:51,715 - report.normalization - WARNING - Статус 'готово' не распознан
2026-08-02 09:33:51,715 - report.normalization - WARNING - Статус 'в работе' не распознан
2026-08-02 09:33:51,715 - report.normalization - WARNING - Статус 'в работе' не распознан
2026-08-02 09:33:51,715 - report.normalization - WARNING - Статус 'в работе' не распознан
2026-08-02 09:33:51,715 - report.normalization - WARNING - Статус 'новый' не распознан
2026-08-02 09:33:51,715 - report.normalization - WARNING - Статус 'перенесен' не распознан
2026-08-02 09:33:51,715 - report.normalization - WARNING - Статус 'перенесен' не распознан
2026-08-02 09:33:51,715 - report.normalization - WARNING - Статус 'в работе' не распознан
2026-08-02 09:33:51,715 - report.normalization - WARNING - Статус 'новый' не распознан
2026-08-02 09:33:51,715 - report.normalization - WARNING - Не удалось распарсить дату: '30.02.2026'
2026-08-02 09:33:51,715 - report.validation - WARNING - Строка 723 (ID=ORD-100722) исключена из-за 1 ошибок
2026-08-02 09:33:51,715 - report.normalization - WARNING - Статус 'новый' не распознан
2026-08-02 09:33:51,716 - report.normalization - WARNING - Не удалось распарсить дату: '31.04.2026'
2026-08-02 09:33:51,716 - report.validation - WARNING - Строка 727 (ID=ORD-100726) исключена из-за 1 ошибок
2026-08-02 09:33:51,716 - report.normalization - WARNING - Статус 'перенесен' не распознан
2026-08-02 09:33:51,716 - report.normalization - WARNING - Статус 'перенесен' не распознан
2026-08-02 09:33:51,716 - report.normalization - WARNING - Статус 'перенесен' не распознан
2026-08-02 09:33:51,716 - report.normalization - WARNING - Статус 'новый' не распознан
2026-08-02 09:33:51,716 - report.normalization - WARNING - Статус 'в работе' не распознан
2026-08-02 09:33:51,716 - report.normalization - WARNING - Статус 'в работе' не распознан
2026-08-02 09:33:51,716 - report.normalization - WARNING - Статус 'новый' не распознан
2026-08-02 09:33:51,716 - report.normalization - WARNING - Статус 'перенесен' не распознан
2026-08-02 09:33:51,716 - report.normalization - WARNING - Статус 'перенесен' не распознан
2026-08-02 09:33:51,716 - report.normalization - WARNING - Статус 'новый' не распознан
2026-08-02 09:33:51,716 - report.normalization - WARNING - Статус 'в работе' не распознан
2026-08-02 09:33:51,716 - report.normalization - WARNING - Статус 'новый' не распознан
2026-08-02 09:33:51,716 - report.normalization - WARNING - Статус 'перенесен' не распознан
2026-08-02 09:33:51,717 - report.normalization - WARNING - Статус 'перенесен' не распознан
2026-08-02 09:33:51,717 - report.normalization - WARNING - Статус 'перенесен' не распознан
2026-08-02 09:33:51,717 - report.normalization - WARNING - Статус 'перенесен' не распознан
2026-08-02 09:33:51,717 - report.normalization - WARNING - Статус 'перенесен' не распознан
2026-08-02 09:33:51,717 - report.normalization - INFO - Город 'Ростов на Дону' исправлен на 'Ростов-на-Дону' (score=100)
2026-08-02 09:33:51,717 - report.normalization - WARNING - Статус 'новый' не распознан
2026-08-02 09:33:51,717 - report.normalization - WARNING - Статус 'новый' не распознан
2026-08-02 09:33:51,717 - report.normalization - WARNING - Статус 'в работе' не распознан
2026-08-02 09:33:51,717 - report.normalization - INFO - Город 'Новоросийск' исправлен на 'Новороссийск' (score=96)
2026-08-02 09:33:51,717 - report.normalization - WARNING - Статус 'перенесен' не распознан
2026-08-02 09:33:51,717 - report.normalization - WARNING - Статус 'в работе' не распознан
2026-08-02 09:33:51,717 - report.normalization - WARNING - Статус 'новый' не распознан
2026-08-02 09:33:51,717 - report.normalization - WARNING - Статус 'в работе' не распознан
2026-08-02 09:33:51,717 - report.normalization - WARNING - Статус 'в работе' не распознан
2026-08-02 09:33:51,718 - report.normalization - WARNING - Статус 'в работе' не распознан
2026-08-02 09:33:51,718 - report.normalization - WARNING - Статус 'в работе' не распознан
2026-08-02 09:33:51,718 - report.normalization - WARNING - Статус 'новый' не распознан
2026-08-02 09:33:51,718 - report.normalization - WARNING - Статус 'новый' не распознан
2026-08-02 09:33:51,718 - report.normalization - WARNING - Статус 'новый' не распознан
2026-08-02 09:33:51,718 - report.normalization - WARNING - Статус 'в работе' не распознан
2026-08-02 09:33:51,718 - report.normalization - WARNING - Статус 'новый' не распознан
2026-08-02 09:33:51,718 - report.normalization - WARNING - Статус 'в работе' не распознан
2026-08-02 09:33:51,718 - report.normalization - WARNING - Статус 'в работе' не распознан
2026-08-02 09:33:51,718 - report.normalization - WARNING - Статус 'новый' не распознан
2026-08-02 09:33:51,718 - report.normalization - WARNING - Статус 'перенесен' не распознан
2026-08-02 09:33:51,718 - report.validation - WARNING - Строка 878 (ID=ORD-100877) исключена из-за 1 ошибок
2026-08-02 09:33:51,719 - report.normalization - WARNING - Статус 'в работе' не распознан
2026-08-02 09:33:51,719 - report.normalization - WARNING - Не удалось распарсить дату: '00.05.2026'
2026-08-02 09:33:51,719 - report.validation - WARNING - Строка 889 (ID=ORD-100888) исключена из-за 1 ошибок
2026-08-02 09:33:51,719 - report.normalization - WARNING - Статус 'в работе' не распознан
2026-08-02 09:33:51,719 - report.normalization - WARNING - Статус 'новый' не распознан
2026-08-02 09:33:51,719 - report.normalization - WARNING - Статус 'в работе' не распознан
2026-08-02 09:33:51,719 - report.normalization - WARNING - Статус 'перенесен' не распознан
2026-08-02 09:33:51,719 - report.normalization - WARNING - Статус 'в работе' не распознан
2026-08-02 09:33:51,719 - report.normalization - WARNING - Статус 'перенесен' не распознан
2026-08-02 09:33:51,719 - report.normalization - WARNING - Статус 'новый' не распознан
2026-08-02 09:33:51,719 - report.normalization - WARNING - Статус 'в работе' не распознан
2026-08-02 09:33:51,719 - report.normalization - WARNING - Статус 'новый' не распознан
2026-08-02 09:33:51,719 - report.normalization - WARNING - Статус 'новый' не распознан
2026-08-02 09:33:51,719 - report.normalization - WARNING - Статус 'в работе' не распознан
2026-08-02 09:33:51,719 - report.normalization - WARNING - Статус 'в работе' не распознан
2026-08-02 09:33:51,719 - report.normalization - WARNING - Статус 'новый' не распознан
2026-08-02 09:33:51,719 - report.normalization - WARNING - Статус 'новый' не распознан
2026-08-02 09:33:51,719 - report.normalization - WARNING - Статус 'перенесен' не распознан
2026-08-02 09:33:51,720 - report.normalization - WARNING - Статус 'перенесен' не распознан
2026-08-02 09:33:51,720 - report.normalization - WARNING - Статус 'новый' не распознан
2026-08-02 09:33:51,720 - report.normalization - WARNING - Статус 'новый' не распознан
2026-08-02 09:33:51,720 - report.normalization - WARNING - Статус 'в работе' не распознан
2026-08-02 09:33:51,720 - report.normalization - WARNING - Статус 'перенесен' не распознан
2026-08-02 09:33:51,720 - report.normalization - WARNING - Статус 'в работе' не распознан
2026-08-02 09:33:51,720 - report.normalization - WARNING - Статус 'в работе' не распознан
2026-08-02 09:33:51,720 - report.normalization - WARNING - Статус 'перенесен' не распознан
2026-08-02 09:33:51,720 - report.normalization - WARNING - Статус 'в работе' не распознан
2026-08-02 09:33:51,720 - report.normalization - WARNING - Статус 'перенесен' не распознан
2026-08-02 09:33:51,720 - report.normalization - WARNING - Статус 'новый' не распознан
2026-08-02 09:33:51,720 - report.normalization - WARNING - Статус 'в работе' не распознан
2026-08-02 09:33:51,720 - report.normalization - WARNING - Статус 'в работе' не распознан
2026-08-02 09:33:51,720 - report.validation - WARNING - Строка 969: дубликат ID заказа 'ORD-100759'
2026-08-02 09:33:51,720 - report.validation - WARNING - Строка 969 (ID=ORD-100759) исключена из-за 1 ошибок
2026-08-02 09:33:51,720 - report.validation - WARNING - Строка 973 (ID=ORD-100972) исключена из-за 1 ошибок
2026-08-02 09:33:51,720 - report.normalization - WARNING - Статус 'перенесен' не распознан
2026-08-02 09:33:51,721 - report.normalization - WARNING - Статус 'завершено?' не распознан
2026-08-02 09:33:51,721 - report.normalization - WARNING - Статус 'новый' не распознан
2026-08-02 09:33:51,721 - report.normalization - WARNING - Статус 'перенесен' не распознан
2026-08-02 09:33:51,721 - report.normalization - WARNING - Статус 'новый' не распознан
2026-08-02 09:33:51,721 - report.normalization - INFO - Город 'Ростов на Дону' исправлен на 'Ростов-на-Дону' (score=100)
2026-08-02 09:33:51,721 - report.normalization - WARNING - Статус 'в работе' не распознан
2026-08-02 09:33:51,721 - report.normalization - WARNING - Статус 'новый' не распознан
2026-08-02 09:33:51,721 - report.normalization - WARNING - Статус 'перенесен' не распознан
2026-08-02 09:33:51,721 - report.normalization - WARNING - Статус 'новый' не распознан
2026-08-02 09:33:51,721 - report.normalization - WARNING - Не удалось распарсить дату: '31.04.2026'
2026-08-02 09:33:51,721 - report.validation - WARNING - Строка 1002 (ID=ORD-101001) исключена из-за 1 ошибок
2026-08-02 09:33:51,721 - report.normalization - WARNING - Статус 'завершено?' не распознан
2026-08-02 09:33:51,721 - report.normalization - WARNING - Не удалось распарсить дату: '31.04.2026'
2026-08-02 09:33:51,721 - report.validation - WARNING - Строка 1012 (ID=ORD-101011) исключена из-за 1 ошибок
2026-08-02 09:33:51,722 - report.normalization - WARNING - Статус 'в работе' не распознан
2026-08-02 09:33:51,722 - report.normalization - WARNING - Статус 'в работе' не распознан
2026-08-02 09:33:51,722 - report.normalization - WARNING - Статус 'в работе' не распознан
2026-08-02 09:33:51,722 - report.normalization - WARNING - Статус 'перенесен' не распознан
2026-08-02 09:33:51,722 - report.normalization - WARNING - Статус 'новый' не распознан
2026-08-02 09:33:51,722 - report.normalization - WARNING - Статус 'перенесен' не распознан
2026-08-02 09:33:51,722 - report.normalization - WARNING - Статус 'в работе' не распознан
2026-08-02 09:33:51,722 - report.validation - WARNING - Строка 1032 (ID=ORD-101031) исключена из-за 1 ошибок
2026-08-02 09:33:51,722 - report.normalization - WARNING - Статус 'в работе' не распознан
2026-08-02 09:33:51,722 - report.normalization - WARNING - Статус 'перенесен' не распознан
2026-08-02 09:33:51,722 - report.normalization - WARNING - Статус 'в работе' не распознан
2026-08-02 09:33:51,722 - report.normalization - WARNING - Статус 'перенесен' не распознан
2026-08-02 09:33:51,722 - report.normalization - WARNING - Статус 'в работе' не распознан
2026-08-02 09:33:51,722 - report.normalization - WARNING - Статус 'новый' не распознан
2026-08-02 09:33:51,722 - report.normalization - WARNING - Статус 'перенесен' не распознан
2026-08-02 09:33:51,722 - report.normalization - WARNING - Статус 'в работе' не распознан
2026-08-02 09:33:51,722 - report.normalization - WARNING - Статус 'перенесен' не распознан
2026-08-02 09:33:51,723 - report.normalization - WARNING - Статус 'перенесен' не распознан
2026-08-02 09:33:51,723 - report.normalization - WARNING - Статус 'перенесен' не распознан
2026-08-02 09:33:51,723 - report.validation - WARNING - Строка 1065 (ID=ORD-101064) исключена из-за 1 ошибок
2026-08-02 09:33:51,723 - report.normalization - WARNING - Статус 'перенесен' не распознан
2026-08-02 09:33:51,723 - report.normalization - WARNING - Статус 'новый' не распознан
2026-08-02 09:33:51,723 - report.normalization - WARNING - Статус 'перенесен' не распознан
2026-08-02 09:33:51,723 - report.normalization - WARNING - Статус 'в работе' не распознан
2026-08-02 09:33:51,723 - report.normalization - WARNING - Статус 'в работе' не распознан
2026-08-02 09:33:51,723 - report.normalization - WARNING - Статус 'перенесен' не распознан
2026-08-02 09:33:51,723 - report.normalization - WARNING - Не удалось распарсить дату: '00.05.2026'
2026-08-02 09:33:51,723 - report.validation - WARNING - Строка 1086 (ID=ORD-101085) исключена из-за 1 ошибок
2026-08-02 09:33:51,723 - report.validation - WARNING - Строка 1091 (ID=ORD-101090) исключена из-за 1 ошибок
2026-08-02 09:33:51,723 - report.normalization - WARNING - Статус 'перенесен' не распознан
2026-08-02 09:33:51,724 - report.normalization - WARNING - Статус 'новый' не распознан
2026-08-02 09:33:51,724 - report.normalization - WARNING - Статус 'перенесен' не распознан
2026-08-02 09:33:51,724 - report.normalization - WARNING - Статус 'новый' не распознан
2026-08-02 09:33:51,724 - report.normalization - WARNING - Статус 'в работе' не распознан
2026-08-02 09:33:51,724 - report.normalization - WARNING - Статус 'в работе' не распознан
2026-08-02 09:33:51,724 - report.normalization - WARNING - Статус 'в работе' не распознан
2026-08-02 09:33:51,724 - report.normalization - WARNING - Статус 'в работе' не распознан
2026-08-02 09:33:51,724 - watchfiles.main - INFO - 2 changes detected
2026-08-02 09:33:51,724 - report.normalization - INFO - Город 'Краснадар' исправлен на 'Краснодар' (score=89)
2026-08-02 09:33:51,724 - report.normalization - WARNING - Статус 'в работе' не распознан
2026-08-02 09:33:51,724 - report.normalization - WARNING - Статус 'в работе' не распознан
2026-08-02 09:33:51,724 - report.normalization - WARNING - Статус 'новый' не распознан
2026-08-02 09:33:51,724 - report.normalization - WARNING - Статус 'в работе' не распознан
2026-08-02 09:33:51,724 - report.normalization - WARNING - Статус 'в работе' не распознан
2026-08-02 09:33:51,724 - report.normalization - WARNING - Статус 'новый' не распознан
2026-08-02 09:33:51,724 - report.normalization - WARNING - Статус 'в работе' не распознан
2026-08-02 09:33:51,724 - report.normalization - WARNING - Статус 'в работе' не распознан
2026-08-02 09:33:51,724 - report.normalization - WARNING - Статус 'перенесен' не распознан
2026-08-02 09:33:51,724 - report.normalization - WARNING - Статус 'перенесен' не распознан
2026-08-02 09:33:51,724 - report.normalization - WARNING - Статус 'в работе' не распознан
2026-08-02 09:33:51,725 - report.normalization - WARNING - Статус 'в работе' не распознан
2026-08-02 09:33:51,725 - report.normalization - WARNING - Статус 'новый' не распознан
2026-08-02 09:33:51,725 - report.normalization - WARNING - Статус 'перенесен' не распознан
2026-08-02 09:33:51,725 - report.normalization - WARNING - Статус 'новый' не распознан
2026-08-02 09:33:51,725 - report.normalization - WARNING - Статус 'перенесен' не распознан
2026-08-02 09:33:51,725 - report.normalization - WARNING - Статус 'новый' не распознан
2026-08-02 09:33:51,725 - report.normalization - WARNING - Статус 'в работе' не распознан
2026-08-02 09:33:51,725 - report.normalization - WARNING - Статус 'новый' не распознан
2026-08-02 09:33:51,725 - report.normalization - WARNING - Статус 'новый' не распознан
2026-08-02 09:33:51,725 - report.normalization - WARNING - Статус 'в работе' не распознан
2026-08-02 09:33:51,725 - report.normalization - WARNING - Статус 'перенесен' не распознан
2026-08-02 09:33:51,725 - report.normalization - INFO - Город 'анапа' исправлен на 'Анапа' (score=100)
2026-08-02 09:33:51,725 - report.normalization - WARNING - Статус 'в работе' не распознан
2026-08-02 09:33:51,725 - report.validation - INFO - Валидация завершена: 812 валидных заказов, 29 ошибок
2026-08-02 09:33:51,725 - report.report_build - INFO - Валидация завершена. Успешных заказов: 812, ошибок: 29
2026-08-02 09:33:51,733 - report.report_build - INFO - Отчёт сохранён в reports/report_Тестовое_задание.xlsx
2026-08-02 09:33:51,733 - routers.report - INFO - Отчёт создан: report_Тестовое_задание.xlsx
2026-08-02 09:33:52,075 - watchfiles.main - INFO - 2 changes detected
2026-08-02 09:33:52,426 - watchfiles.main - INFO - 1 change detected
2026-08-02 09:33:52,777 - watchfiles.main - INFO - 1 change detected
2026-08-02 09:33:53,129 - watchfiles.main - INFO - 1 change detected
2026-08-02 09:33:53,480 - watchfiles.main - INFO - 1 change detected
2026-08-02 09:33:53,831 - watchfiles.main - INFO - 1 change detected
2026-08-02 09:33:54,182 - watchfiles.main - INFO - 1 change detected
2026-08-02 09:33:54,533 - watchfiles.main - INFO - 1 change detected
2026-08-02 09:33:54,884 - watchfiles.main - INFO - 1 change detected
2026-08-02 09:33:55,235 - watchfiles.main - INFO - 1 change detected
2026-08-02 09:33:55,585 - watchfiles.main - INFO - 1 change detected
2026-08-02 09:33:55,936 - watchfiles.main - INFO - 1 change detected
2026-08-02 09:33:56,287 - watchfiles.main - INFO - 1 change detected
2026-08-02 09:33:56,638 - watchfiles.main - INFO - 1 change detected
2026-08-02 09:33:56,989 - watchfiles.main - INFO - 1 change detected
2026-08-02 09:33:57,340 - watchfiles.main - INFO - 1 change detected
2026-08-02 09:33:57,691 - watchfiles.main - INFO - 1 change detected
2026-08-02 09:33:58,042 - watchfiles.main - INFO - 1 change detected
2026-08-02 09:33:58,393 - watchfiles.main - INFO - 1 change detected
2026-08-02 09:33:58,744 - watchfiles.main - INFO - 1 change detected
2026-08-02 09:33:59,095 - watchfiles.main - INFO - 1 change detected
2026-08-02 09:33:59,446 - watchfiles.main - INFO - 1 change detected
2026-08-02 09:33:59,796 - watchfiles.main - INFO - 1 change detected
2026-08-02 09:34:00,148 - watchfiles.main - INFO - 1 change detected
2026-08-02 09:34:00,499 - watchfiles.main - INFO - 1 change detected
2026-08-02 09:34:00,850 - watchfiles.main - INFO - 1 change detected
2026-08-02 09:34:01,201 - watchfiles.main - INFO - 1 change detected
2026-08-02 09:34:01,552 - watchfiles.main - INFO - 1 change detected
2026-08-02 09:34:01,903 - watchfiles.main - INFO - 1 change detected
2026-08-02 09:34:02,254 - watchfiles.main - INFO - 1 change detected
2026-08-02 09:34:02,605 - watchfiles.main - INFO - 1 change detected
2026-08-02 09:34:02,956 - watchfiles.main - INFO - 1 change detected
2026-08-02 09:34:03,307 - watchfiles.main - INFO - 1 change detected
2026-08-02 09:34:03,658 - watchfiles.main - INFO - 1 change detected
2026-08-02 09:34:04,009 - watchfiles.main - INFO - 1 change detected
2026-08-02 09:34:04,360 - watchfiles.main - INFO - 1 change detected
2026-08-02 09:34:04,711 - watchfiles.main - INFO - 1 change detected
2026-08-02 09:34:05,062 - watchfiles.main - INFO - 1 change detected
2026-08-02 09:34:05,413 - watchfiles.main - INFO - 1 change detected
